bestattung_ID,grab_ID,nekropolenID,bestattungsform,geschlecht_bio,alter_autor,anthropo_alter,lage,blickrichtung,orientierung_bestattung,stoerung_bestattung,datierung_nat,bemerkungen,fundauffuehrung,totenmahl,dolch_ku,dolch_si,beil_fe,armschutzplatte_fe,pfeilspitze_si,pfeilspitze_kn,pfriem_ahle_nadel_ku,pfriem_ahle_nadel_kn,kleingeraet_si,abschlag_si,abschlag_bearbeitet_si,klinge_si,spitze_si,schaber_si,kern_si,schleifstein_fe,geraet_kn,trachtnadel_kn,bogenanhaenger_kn,eberhauer,v-knopf_be,knebel_kn,perle_be,anhaenger_kn,anhaenger_mu,steine,sonstiges,glockenbecher_v,glockenbecher_u,tasse_v,tasse_u,becher_v,becher_u,krug_v,krug_u,schuessel_schale_v,schuessel_schale_u,fuesschenschale_v,fuesschenschale_u,napf,topf_kanne,gefaess
1,1,1,koerperbestattung,weiblich,14 J.,juvenil,linker_hocker,O,NNW-SSO,ungestoert,,,GB_u,0,0,0,0,0,0,0,0,0,0,0,0,0,0,0,0,0,0,0,0,0,0,0,0,0,0,0,0,0,1,0,0,0,0,0,0,0,0,0,0,0,0,0
2,2,2,koerperbestattung,weiblich,35 J.,adult,rechter_hocker,O,SSO-NNW,ungestoert,,,GB_u,0,0,0,0,0,0,0,0,0,0,0,0,0,0,0,0,0,0,0,0,0,0,0,0,0,0,0,0,0,1,0,0,0,0,0,0,0,0,0,0,0,0,0
3,3,3,koerperbestattung,eher_weiblich,ca. 35 J.,adult,rechter_hocker,O,SO-NW,ungestoert,,,beigabenlos,0,0,0,0,0,0,0,0,0,0,0,0,0,0,0,0,0,0,0,0,0,0,0,0,0,0,0,0,0,0,0,0,0,0,0,0,0,0,0,0,0,0,0
4,4,3,koerperbestattung,eher_weiblich,ca. 45 J.,adult_matur,rechter_hocker,NO,SSO-NNW,ungestoert,,,Tasse_v (beutelfoermig); Ruderkopfnadel (Kn; verzierter; rechteckiger Kopf),0,0,0,0,0,0,0,0,0,0,0,0,0,0,0,0,0,0,1,0,0,0,0,0,0,0,0,0,0,0,1,0,0,0,0,0,0,0,0,0,0,0,0
5,5,3,koerperbestattung,unbestimmt,,unbestimmt,rechter_hocker,O,S-N,ungestoert,,,Fueßchenschale_u (4 Fueße),0,0,0,0,0,0,0,0,0,0,0,0,0,0,0,0,0,0,0,0,0,0,0,0,0,0,0,0,0,0,0,0,0,0,0,0,0,0,0,1,0,0,0
6,6,3,koerperbestattung,unbestimmt,,unbestimmt,rechter_hocker,NO,SO-NW,gestoert_leicht,,,Gefaeßreste,0,0,0,0,0,0,0,0,0,0,0,0,0,0,0,0,0,0,0,0,0,0,0,0,0,0,0,0,0,0,0,0,0,0,0,0,0,0,0,0,0,0,1
7,7,4,koerperbestattung,weiblich,30-50 J.,adult_matur,ka,ka,ka,ungestoert,3871+-22 BP; 2400-2280 cal . BC,,GB_v (kammstempelverziert),0,0,0,0,0,0,0,0,0,0,0,0,0,0,0,0,0,0,0,0,0,0,0,0,0,0,0,0,1,0,0,0,0,0,0,0,0,0,0,0,0,0,0
8,8,5,koerperbestattung,weiblich,,adult,rechter_hocker,O,SW-NO,ungestoert,,,GB_u,0,0,0,0,0,0,0,0,0,0,0,0,0,0,0,0,0,0,0,0,0,0,0,0,0,0,0,0,0,1,0,0,0,0,0,0,0,0,0,0,0,0,0
9,9,6,koerperbestattung,maennlich,30-40 J.,adult,linker_hocker,SO,NNO-SSW,ungestoert,4080+-20 BP; 2620-2570 cal. BC,,Fischgraetbecher; Dolch (Ku; 99%Cu/Spur As/0;01%Ag); Pfriem (Ku; 97%Cu/2;8%As); Hammerkopfnadel (Kn),0,1,0,0,0,0,0,1,0,0,0,0,0,0,0,0,0,0,1,0,0,0,0,0,0,0,0,0,0,0,0,0,1,0,0,0,0,0,0,0,0,0,0
10,10,7,koerperbestattung,maennlich,,juvenil,linker_hocker,SO,NO-SW,ungestoert,,,Tierknochen; Abschlag (Si); GB_v (kammstempelverziert),1,0,0,0,0,0,0,0,0,0,1,0,0,0,0,0,0,0,0,0,0,0,0,0,0,0,0,0,1,0,0,0,0,0,0,0,0,0,0,0,0,0,0
11,11,8,koerperbestattung,eher_weiblich,inf. II,infans,linker_hocker,O,N-S,ungestoert,,,Napf,0,0,0,0,0,0,0,0,0,0,0,0,0,0,0,0,0,0,0,0,0,0,0,0,0,0,0,0,0,0,0,0,0,0,0,0,0,0,0,0,1,0,0
12,12,8,koerperbestattung,eher_weiblich,,unbestimmt,rechter_hocker,O,S-N,ungestoert,,,beigabenlos,0,0,0,0,0,0,0,0,0,0,0,0,0,0,0,0,0,0,0,0,0,0,0,0,0,0,0,0,0,0,0,0,0,0,0,0,0,0,0,0,0,0,0
13,13,8,keine_bestattung,unbestimmt,,unbestimmt,ka,ka,ka,ungestoert,,Kenotaph?,beigabenlos,0,0,0,0,0,0,0,0,0,0,0,0,0,0,0,0,0,0,0,0,0,0,0,0,0,0,0,0,0,0,0,0,0,0,0,0,0,0,0,0,0,0,0
14,14,8,koerperbestattung,unbestimmt,,unbestimmt,ka,ka,ka,ungestoert,,,beigabenlos,0,0,0,0,0,0,0,0,0,0,0,0,0,0,0,0,0,0,0,0,0,0,0,0,0,0,0,0,0,0,0,0,0,0,0,0,0,0,0,0,0,0,0
15,15,8,keine_bestattung,unbestimmt,,unbestimmt,ka,ka,ka,ungestoert,,Kenotaph?,beigabenlos,0,0,0,0,0,0,0,0,0,0,0,0,0,0,0,0,0,0,0,0,0,0,0,0,0,0,0,0,0,0,0,0,0,0,0,0,0,0,0,0,0,0,0
16,16,8,keine_bestattung,unbestimmt,,unbestimmt,ka,ka,ka,ungestoert,,Kenotaph?,Pfeilspitze_Si; Gefaeßboden,0,0,0,0,0,1,0,0,0,0,0,0,0,0,0,0,0,0,0,0,0,0,0,0,0,0,0,0,0,0,0,0,0,0,0,0,0,0,0,0,0,0,1
17,17,8,keine_bestattung,unbestimmt,,unbestimmt,ka,ka,ka,ungestoert,,Kenotaph?,GB_u; Abschlag (Si; retuschiert),0,0,0,0,0,0,0,0,0,0,0,1,0,0,0,0,0,0,0,0,0,0,0,0,0,0,0,0,0,1,0,0,0,0,0,0,0,0,0,0,0,0,0
18,18,9,koerperbestattung,weiblich,18-20 J.,adult,ka,ka,ka,ungestoert,3700+-25 BP; 2140-2030 cal. BC,Lage des Skeletts nicht gesichert,Tierknochen (bos. Equus); Fueßchenschale_v (sechs Fueße),1,0,0,0,0,0,0,0,0,0,0,0,0,0,0,0,0,0,0,0,0,0,0,0,0,0,0,0,0,0,0,0,0,0,0,0,0,0,1,0,0,0,0
19,19,10,koerperbestattung,unbestimmt,,unbestimmt,linker_hocker,O,N-S,ungestoert,,,Dolch_Si,0,0,1,0,0,0,0,0,0,0,0,0,0,0,0,0,0,0,0,0,0,0,0,0,0,0,0,0,0,0,0,0,0,0,0,0,0,0,0,0,0,0,0
20,20,11,koerperbestattung,unbestimmt,,unbestimmt,rechter_hocker,W,SSO-NNW,ungestoert,,,oesenkopfnadel (Kn); Gefaeß (s-profiliert),0,0,0,0,0,0,0,0,0,0,0,0,0,0,0,0,0,0,1,0,0,0,0,0,0,0,0,0,0,0,0,0,0,0,0,0,0,0,0,0,0,0,1
21,21,12,koerperbestattung,unbestimmt,,unbestimmt,linker_hocker,O,N-S,ungestoert,,,beigabenlos,0,0,0,0,0,0,0,0,0,0,0,0,0,0,0,0,0,0,0,0,0,0,0,0,0,0,0,0,0,0,0,0,0,0,0,0,0,0,0,0,0,0,0
22,22,12,koerperbestattung,unbestimmt,,unbestimmt,linker_hocker,O,N-S,gestoert_leicht,,,beigabenlos,0,0,0,0,0,0,0,0,0,0,0,0,0,0,0,0,0,0,0,0,0,0,0,0,0,0,0,0,0,0,0,0,0,0,0,0,0,0,0,0,0,0,0
23,23,12,koerperbestattung,unbestimmt,,unbestimmt,linker_hocker,O,N-S,ungestoert,,,GB_v (kammstempelverziert),0,0,0,0,0,0,0,0,0,0,0,0,0,0,0,0,0,0,0,0,0,0,0,0,0,0,0,0,1,0,0,0,0,0,0,0,0,0,0,0,0,0,0
24,24,12,koerperbestattung,unbestimmt,,unbestimmt,linker_hocker,O,S-N,ungestoert,,,GB_v (kammstempelverziert),0,0,0,0,0,0,0,0,0,0,0,0,0,0,0,0,0,0,0,0,0,0,0,0,0,0,0,0,1,0,0,0,0,0,0,0,0,0,0,0,0,0,0
25,25,13,koerperbestattung,unbestimmt,,unbestimmt,ka,ka,N-S,gestoert_mittel,,,Gefaeß (bauchig),0,0,0,0,0,0,0,0,0,0,0,0,0,0,0,0,0,0,0,0,0,0,0,0,0,0,0,0,0,0,0,0,0,0,0,0,0,0,0,0,0,0,1
26,26,13,koerperbestattung,unbestimmt,,unbestimmt,linker_hocker,SO,NO-SW,ungestoert,,,GB_u,0,0,0,0,0,0,0,0,0,0,0,0,0,0,0,0,0,0,0,0,0,0,0,0,0,0,0,0,0,1,0,0,0,0,0,0,0,0,0,0,0,0,0
27,27,13,koerperbestattung,unbestimmt,,unbestimmt,linker_hocker,O,NNO-SSW,ungestoert,,,beigabenlos,0,0,0,0,0,0,0,0,0,0,0,0,0,0,0,0,0,0,0,0,0,0,0,0,0,0,0,0,0,0,0,0,0,0,0,0,0,0,0,0,0,0,0
28,28,13,koerperbestattung,unbestimmt,,unbestimmt,linker_hocker,S,ONO-WSW,ungestoert,,wahrscheinlich kein GB; Schnurkeramik?,Hirschgeweihstueck (bearbeitet),0,0,0,0,0,0,0,0,0,0,0,0,0,0,0,0,0,1,0,0,0,0,0,0,0,0,0,0,0,0,0,0,0,0,0,0,0,0,0,0,0,0,0
29,29,13,koerperbestattung,unbestimmt,,unbestimmt,linker_hocker,O,NNO-SSW,ungestoert,,,Tierknochen (Rind); GB_u,1,0,0,0,0,0,0,0,0,0,0,0,0,0,0,0,0,0,0,0,0,0,0,0,0,0,0,0,0,1,0,0,0,0,0,0,0,0,0,0,0,0,0
30,30,13,koerperbestattung,unbestimmt,,unbestimmt,linker_hocker,OSO,NNO-SSW,ungestoert,,,Schale_u (trichterfoermig),0,0,0,0,0,0,0,0,0,0,0,0,0,0,0,0,0,0,0,0,0,0,0,0,0,0,0,0,0,0,0,0,0,0,0,0,0,1,0,0,0,0,0
31,31,13,koerperbestattung,unbestimmt,,unbestimmt,rechter_hocker,O,SSW-NNO,ungestoert,,,Tasse_u (schlank),0,0,0,0,0,0,0,0,0,0,0,0,0,0,0,0,0,0,0,0,0,0,0,0,0,0,0,0,0,0,0,1,0,0,0,0,0,0,0,0,0,0,0
32,32,13,koerperbestattung,unbestimmt,,unbestimmt,linker_hocker,W,S-N,ungestoert,,,Tierknochen (Rind; Schaf/Ziege),2,0,0,0,0,0,0,0,0,0,0,0,0,0,0,0,0,0,0,0,0,0,0,0,0,0,0,0,0,0,0,0,0,0,0,0,0,0,0,0,0,0,0
33,33,13,koerperbestattung,unbestimmt,,unbestimmt,rueckenstrecker,ka,OSO-WNW,ungestoert,,wahrscheinlich kein GB; Schnurkeramik?,Tierknochen,1,0,0,0,0,0,0,0,0,0,0,0,0,0,0,0,0,0,0,0,0,0,0,0,0,0,0,0,0,0,0,0,0,0,0,0,0,0,0,0,0,0,0
34,34,13,koerperbestattung,maennlich,,matur,rechter_hocker,N,OSO-WNW,ungestoert,,wahrscheinlich kein GB; Schnurkeramik?,beigabenlos,0,0,0,0,0,0,0,0,0,0,0,0,0,0,0,0,0,0,0,0,0,0,0,0,0,0,0,0,0,0,0,0,0,0,0,0,0,0,0,0,0,0,0
35,35,14,koerperbestattung,unbestimmt,,unbestimmt,linker_hocker,O,NO-SW,ungestoert,,,Tierknochen; 2xPfeilspitze (Si); GB_u,1,0,0,0,0,2,0,0,0,0,0,0,0,0,0,0,0,0,0,0,0,0,0,0,0,0,0,0,0,1,0,0,0,0,0,0,0,0,0,0,0,0,0
36,36,14,koerperbestattung,unbestimmt,,unbestimmt,rechter_hocker,O,S-N,gestoert_stark,,,beigabenlos,0,0,0,0,0,0,0,0,0,0,0,0,0,0,0,0,0,0,0,0,0,0,0,0,0,0,0,0,0,0,0,0,0,0,0,0,0,0,0,0,0,0,0
37,37,15,koerperbestattung,unbestimmt,,unbestimmt,linker_hocker,O,N-S,ungestoert,,,Armschutzplatte (stark gewoelbt; 4 Bohrungen; verziert); GB_v (schnittlinienverziert),0,0,0,0,1,0,0,0,0,0,0,0,0,0,0,0,0,0,0,0,0,0,0,0,0,0,0,0,1,0,0,0,0,0,0,0,0,0,0,0,0,0,0
38,38,16,koerperbestattung,maennlich,,juvenil_adult,ka,ka,ka,ungestoert,3738+-42 BP; 2200-2030 cal. BC,,Armschutzplatte (gewoelbt; 4 Bohrungen); GB_v (kammstempelverziert),0,0,0,0,1,0,0,0,0,0,0,0,0,0,0,0,0,0,0,0,0,0,0,0,0,0,0,0,1,0,0,0,0,0,0,0,0,0,0,0,0,0,0
39,39,16,koerperbestattung,maennlich,,adult,ka,ka,ka,ungestoert,3810+-27 BP; 2290-2190 cal. BP,,Tierknochen; Krug_u (steiler Hals); Tasse_u (bauchig),1,0,0,0,0,0,0,0,0,0,0,0,0,0,0,0,0,0,0,0,0,0,0,0,0,0,0,0,0,0,0,1,0,0,0,1,0,0,0,0,0,0,0
40,40,16,koerperbestattung,eher_weiblich,,adult,ka,ka,ka,ungestoert,3797+-22 BP; 2280-2190 cal. BC,,Tierknochen; GB_u,1,0,0,0,0,0,0,0,0,0,0,0,0,0,0,0,0,0,0,0,0,0,0,0,0,0,0,0,0,1,0,0,0,0,0,0,0,0,0,0,0,0,0
41,41,17,koerperbestattung,unbestimmt,,unbestimmt,linker_hocker,SW,SO-NW,gestoert_leicht,,,GB_v (kammstempelverziert),0,0,0,0,0,0,0,0,0,0,0,0,0,0,0,0,0,0,0,0,0,0,0,0,0,0,0,0,1,0,0,0,0,0,0,0,0,0,0,0,0,0,0
42,42,18,koerperbestattung,unbestimmt,,unbestimmt,ka,ka,ka,ungestoert,3758+-21 BP; 2200-2130 cal. BC,,GB_u,0,0,0,0,0,0,0,0,0,0,0,0,0,0,0,0,0,0,0,0,0,0,0,0,0,0,0,0,0,1,0,0,0,0,0,0,0,0,0,0,0,0,0
43,43,19,koerperbestattung,unbestimmt,,unbestimmt,rechter_hocker,O,SW-NO,ungestoert,,,Tasse_u; Napf,0,0,0,0,0,0,0,0,0,0,0,0,0,0,0,0,0,0,0,0,0,0,0,0,0,0,0,0,0,0,0,1,0,0,0,0,0,0,0,0,1,0,0
44,44,19,koerperbestattung,unbestimmt,,unbestimmt,ka,O,S-N,ungestoert,,,beigabenlos,0,0,0,0,0,0,0,0,0,0,0,0,0,0,0,0,0,0,0,0,0,0,0,0,0,0,0,0,0,0,0,0,0,0,0,0,0,0,0,0,0,0,0
45,45,19,koerperbestattung,unbestimmt,,unbestimmt,ka,S,NW-SO,ungestoert,,,beigabenlos,0,0,0,0,0,0,0,0,0,0,0,0,0,0,0,0,0,0,0,0,0,0,0,0,0,0,0,0,0,0,0,0,0,0,0,0,0,0,0,0,0,0,0
46,46,19,koerperbestattung,unbestimmt,,unbestimmt,ka,ka,N-S,ungestoert,,,beigabenlos,0,0,0,0,0,0,0,0,0,0,0,0,0,0,0,0,0,0,0,0,0,0,0,0,0,0,0,0,0,0,0,0,0,0,0,0,0,0,0,0,0,0,0
47,47,19,koerperbestattung,unbestimmt,,unbestimmt,ka,ka,N-S,ungestoert,,,beigabenlos,0,0,0,0,0,0,0,0,0,0,0,0,0,0,0,0,0,0,0,0,0,0,0,0,0,0,0,0,0,0,0,0,0,0,0,0,0,0,0,0,0,0,0
48,48,19,koerperbestattung,unbestimmt,,unbestimmt,linker_hocker,O,N-S,ungestoert,,,GB_u; Tasse_u (bauchig),0,0,0,0,0,0,0,0,0,0,0,0,0,0,0,0,0,0,0,0,0,0,0,0,0,0,0,0,0,1,0,1,0,0,0,0,0,0,0,0,0,0,0
49,49,20,brandbestattung,unbestimmt,,unbestimmt,ka,ka,ka,ungestoert,,Urnenbestattung,Dolch (Ku; verziert; in GB_v gefunden); GB_v (schnittlinienverziert),0,1,0,0,0,0,0,0,0,0,0,0,0,0,0,0,0,0,0,0,0,0,0,0,0,0,0,0,1,0,0,0,0,0,0,0,0,0,0,0,0,0,0
50,50,21,koerperbestattung,unbestimmt,,unbestimmt,linker_hocker,O,N-S,ungestoert,,,Schale_u (Standring; halbkugelig); Napf,0,0,0,0,0,0,0,0,0,0,0,0,0,0,0,0,0,0,0,0,0,0,0,0,0,0,0,0,0,0,0,0,0,0,0,0,0,1,0,0,1,0,0
51,51,22,koerperbestattung,unbestimmt,,unbestimmt,linker_hocker,O,N-S,ungestoert,,Pfeilspitze wohl aus westl. Grabgrubenbereich,Pfeilspitze (Si); GB_u,0,0,0,0,0,1,0,0,0,0,0,0,0,0,0,0,0,0,0,0,0,0,0,0,0,0,0,0,0,1,0,0,0,0,0,0,0,0,0,0,0,0,0
52,52,23,koerperbestattung,unbestimmt,,unbestimmt,linker_hocker,O,N-S,ungestoert,,,Geraet (Si); GB_v (kammstempelverziert),0,0,0,0,0,0,0,0,0,0,1,0,0,0,0,0,0,0,0,0,0,0,0,0,0,0,0,0,1,0,0,0,0,0,0,0,0,0,0,0,0,0,0
53,53,23,koerperbestattung,unbestimmt,,unbestimmt,rechter_hocker,O,S-N,ungestoert,3921+-36 BP; 2475-2293 cal. BC,,Muschelfragment (anhaenger_kn); GB_v (kammstempelverziert); Tasse_u (profiliert); Wandscherbe (unverziert),0,0,0,0,0,0,0,0,0,0,0,0,0,0,0,0,0,0,0,0,0,0,0,0,0,1,0,0,1,0,0,1,0,0,0,0,0,0,0,0,0,0,0
54,54,24,koerperbestattung,unbestimmt,,unbestimmt,rechter_hocker,O,S-N,ungestoert,,,Tasse_u (schlank),0,0,0,0,0,0,0,0,0,0,0,0,0,0,0,0,0,0,0,0,0,0,0,0,0,0,0,0,0,0,0,1,0,0,0,0,0,0,0,0,0,0,0
55,55,25,koerperbestattung,unbestimmt,,unbestimmt,rechter_hocker,O,NNO-SSW,ungestoert,,Hockerposition unklar; dreieckiges Loch im Scheitelbein,GB_v (zonenverziert),0,0,0,0,0,0,0,0,0,0,0,0,0,0,0,0,0,0,0,0,0,0,0,0,0,0,0,0,1,0,0,0,0,0,0,0,0,0,0,0,0,0,0
56,56,26,koerperbestattung,unbestimmt,,unbestimmt,rechter_hocker,O,S-N,ungestoert,,,Fueßchenschale_u (vier Fueße; halbkugelig),0,0,0,0,0,0,0,0,0,0,0,0,0,0,0,0,0,0,0,0,0,0,0,0,0,0,0,0,0,0,0,0,0,0,0,0,0,0,0,1,0,0,0
57,57,26,koerperbestattung,unbestimmt,,unbestimmt,ka,ka,ka,gestoert_stark,,,Fueßchenschale_v (vier Fueße; weitmundig),0,0,0,0,0,0,0,0,0,0,0,0,0,0,0,0,0,0,0,0,0,0,0,0,0,0,0,0,0,0,0,0,0,0,0,0,0,0,1,0,0,0,0
58,58,27,koerperbestattung,unbestimmt,,unbestimmt,linker_hocker,O,N-S,ungestoert,,,GB_u,0,0,0,0,0,0,0,0,0,0,0,0,0,0,0,0,0,0,0,0,0,0,0,0,0,0,0,0,0,1,0,0,0,0,0,0,0,0,0,0,0,0,0
59,59,28,koerperbestattung,maennlich,,adult,linker_hocker,O,N-S,ungestoert,3748+-25 BP; 2200-2040 cal. BC,,Tierknochen; GB_u,1,0,0,0,0,0,0,0,0,0,0,0,0,0,0,0,0,0,0,0,0,0,0,0,0,0,0,0,0,1,0,0,0,0,0,0,0,0,0,0,0,0,0
60,60,29,koerperbestattung,unbestimmt,,unbestimmt,linker_hocker,O,N-S,gestoert_leicht,,,Pfeilspitze (Si); Schaber (Si); 2xGB_u,0,0,0,0,0,1,0,0,0,0,0,0,0,0,1,0,0,0,0,0,0,0,0,0,0,0,0,0,0,2,0,0,0,0,0,0,0,0,0,0,0,0,0
61,61,29,koerperbestattung,eher_weiblich,,adult,linker_hocker,O,N-S,ungestoert,,,GB_u,0,0,0,0,0,0,0,0,0,0,0,0,0,0,0,0,0,0,0,0,0,0,0,0,0,0,0,0,0,1,0,0,0,0,0,0,0,0,0,0,0,0,0
62,62,29,koerperbestattung,weiblich,,adult,linker_hocker,O,N-S,ungestoert,,,GB_u,0,0,0,0,0,0,0,0,0,0,0,0,0,0,0,0,0,0,0,0,0,0,0,0,0,0,0,0,0,1,0,0,0,0,0,0,0,0,0,0,0,0,0
63,63,30,koerperbestattung,unbestimmt,,unbestimmt,linker_hocker,SSO,NO-SW,gestoert_stark,,,GB_u,0,0,0,0,0,0,0,0,0,0,0,0,0,0,0,0,0,0,0,0,0,0,0,0,0,0,0,0,0,1,0,0,0,0,0,0,0,0,0,0,0,0,0
64,64,31,koerperbestattung,unbestimmt,,unbestimmt,linker_hocker,O,N-S,ungestoert,,,GB_u,0,0,0,0,0,0,0,0,0,0,0,0,0,0,0,0,0,0,0,0,0,0,0,0,0,0,0,0,0,1,0,0,0,0,0,0,0,0,0,0,0,0,0
65,65,32,koerperbestattung,maennlich,40-50 J.,adult_matur,linker_hocker,O,N-S,ungestoert,3810+-24 BP; 2285-2195 cal. BC,,Tierknochen (Schwein; u.a.); 5xPfeilspitze (Si); Schaber (Si); Klingenfragment (Si); 2xPerle (Be); GB_v (kammstempelverziert);,2,0,0,0,0,5,0,0,0,0,0,0,1,0,1,0,0,0,0,0,0,0,0,2,0,0,0,0,1,0,0,0,0,0,0,0,0,0,0,0,0,0,0
66,66,33,koerperbestattung,unbestimmt,,adult,linker_hocker,O,N-S,ungestoert,,,GB_u,0,0,0,0,0,0,0,0,0,0,0,0,0,0,0,0,0,0,0,0,0,0,0,0,0,0,0,0,0,1,0,0,0,0,0,0,0,0,0,0,0,0,0
67,67,34,koerperbestattung,unbestimmt,,unbestimmt,linker_hocker,O,NNO-SSW,ungestoert,,,GB_v (schnitzlinienverziert); Tasse_u (bauchig),0,0,0,0,0,0,0,0,0,0,0,0,0,0,0,0,0,0,0,0,0,0,0,0,0,0,0,0,1,0,0,1,0,0,0,0,0,0,0,0,0,0,0
68,68,35,koerperbestattung,maennlich,,matur,ka,ka,ka,ungestoert,,,Klinge (Si); GB_v; Krug_u (hoch); Gefaeß (Scherbe; Bandhenkel),0,0,0,0,0,0,0,0,0,0,0,0,1,0,0,0,0,0,0,0,0,0,0,0,0,0,0,0,1,0,0,0,0,0,0,1,0,0,0,0,0,0,1
69,69,35,koerperbestattung,unbestimmt,,unbestimmt,ka,ka,ka,ungestoert,,,"Klinge (Si); Tonklumpen (""Roetel""); GB_u",0,0,0,0,0,0,0,0,0,0,0,0,1,0,0,0,0,0,0,0,0,0,0,0,0,0,0,1,0,1,0,0,0,0,0,0,0,0,0,0,0,0,0
70,70,36,koerperbestattung,unbestimmt,,unbestimmt,linker_hocker,O,N-S,ungestoert,,,beigabenlos,0,0,0,0,0,0,0,0,0,0,0,0,0,0,0,0,0,0,0,0,0,0,0,0,0,0,0,0,0,0,0,0,0,0,0,0,0,0,0,0,0,0,0
71,71,36,koerperbestattung,unbestimmt,,unbestimmt,linker_hocker,O,N-S,ungestoert,,,GB_u; Tasse_u (bauchig),0,0,0,0,0,0,0,0,0,0,0,0,0,0,0,0,0,0,0,0,0,0,0,0,0,0,0,0,0,1,0,1,0,0,0,0,0,0,0,0,0,0,0
72,72,36,koerperbestattung,unbestimmt,,unbestimmt,rechter_hocker,O,S-N,ungestoert,,,GB_u; Tasse_v (stark bauchig),0,0,0,0,0,0,0,0,0,0,0,0,0,0,0,0,0,0,0,0,0,0,0,0,0,0,0,0,0,1,1,0,0,0,0,0,0,0,0,0,0,0,0
73,73,36,koerperbestattung,unbestimmt,,unbestimmt,linker_hocker,O,N-S,ungestoert,,,GB_u,0,0,0,0,0,0,0,0,0,0,0,0,0,0,0,0,0,0,0,0,0,0,0,0,0,0,0,0,0,1,0,0,0,0,0,0,0,0,0,0,0,0,0
74,74,36,koerperbestattung,unbestimmt,,unbestimmt,ka,ka,N-S,ungestoert,,schlechte Skeletterhaltung,Napf (konisch),0,0,0,0,0,0,0,0,0,0,0,0,0,0,0,0,0,0,0,0,0,0,0,0,0,0,0,0,0,0,0,0,0,0,0,0,0,0,0,0,1,0,0
75,75,36,koerperbestattung,unbestimmt,,unbestimmt,linker_hocker,O,N-S,gestoert_mittel,,neuztl. Gestoert; Fuß- und Handknochen fehelen --> Stoerung? Ritus?,GB_v (schnittlinienverziert),0,0,0,0,0,0,0,0,0,0,0,0,0,0,0,0,0,0,0,0,0,0,0,0,0,0,0,0,1,0,0,0,0,0,0,0,0,0,0,0,0,0,0
76,76,37,koerperbestattung,unbestimmt,,unbestimmt,linker_hocker,O,N-S,ungestoert,,,GB_u,0,0,0,0,0,0,0,0,0,0,0,0,0,0,0,0,0,0,0,0,0,0,0,0,0,0,0,0,0,1,0,0,0,0,0,0,0,0,0,0,0,0,0
77,77,37,koerperbestattung,unbestimmt,infans I ?,infans,rechter_hocker,O,S-N,ungestoert,,,Tasse_u (schwach S-profiliert); Gefaeßunterboden,0,0,0,0,0,0,0,0,0,0,0,0,0,0,0,0,0,0,0,0,0,0,0,0,0,0,0,0,0,0,0,1,0,0,0,0,0,0,0,0,0,0,1
78,78,37,koerperbestattung,unbestimmt,,unbestimmt,linker_hocker,O,N-S,ungestoert,,Kopfbereich dur Tiergaenge gestoert,GB_v (schnittlinienverziert),0,0,0,0,0,0,0,0,0,0,0,0,0,0,0,0,0,0,0,0,0,0,0,0,0,0,0,0,1,0,0,0,0,0,0,0,0,0,0,0,0,0,0
79,79,37,koerperbestattung,unbestimmt,,unbestimmt,linker_hocker,SW,NW-SO,ungestoert,,Blickrichtung unklar,beigabenlos,0,0,0,0,0,0,0,0,0,0,0,0,0,0,0,0,0,0,0,0,0,0,0,0,0,0,0,0,0,0,0,0,0,0,0,0,0,0,0,0,0,0,0
80,80,37,koerperbestattung,unbestimmt,,unbestimmt,rechter_hocker,NO,S-N,ungestoert,,,beigabenlos,0,0,0,0,0,0,0,0,0,0,0,0,0,0,0,0,0,0,0,0,0,0,0,0,0,0,0,0,0,0,0,0,0,0,0,0,0,0,0,0,0,0,0
81,81,37,koerperbestattung,unbestimmt,,unbestimmt,linker_hocker,O,N-S,gestoert_stark,,,beigabenlos,0,0,0,0,0,0,0,0,0,0,0,0,0,0,0,0,0,0,0,0,0,0,0,0,0,0,0,0,0,0,0,0,0,0,0,0,0,0,0,0,0,0,0
82,82,37,koerperbestattung,unbestimmt,,unbestimmt,rechter_hocker,O,S-N,gestoert_stark,,Lage und Blickrichtung unklar,beigabenlos,0,0,0,0,0,0,0,0,0,0,0,0,0,0,0,0,0,0,0,0,0,0,0,0,0,0,0,0,0,0,0,0,0,0,0,0,0,0,0,0,0,0,0
83,83,38,koerperbestattung,maennlich,ca. 20-30 J.,adult,linker_hocker,O,N-S,ungestoert,,,Pfeilspitze (Si); Eberzahn; Tasse_u (bauchig); Schale_u (halbkugelig),0,0,0,0,0,1,0,0,0,0,0,0,0,0,0,0,0,0,0,0,1,0,0,0,0,0,0,0,0,0,0,1,0,0,0,0,0,1,0,0,0,0,0
84,84,39,koerperbestattung,unbestimmt,,unbestimmt,rueckenstrecker,S,NW-SO,ungestoert,,GB Grab?,4xPfeilspitze (Si),0,0,0,0,0,4,0,0,0,0,0,0,0,0,0,0,0,0,0,0,0,0,0,0,0,0,0,0,0,0,0,0,0,0,0,0,0,0,0,0,0,0,0
85,85,39,koerperbestattung,unbestimmt,,unbestimmt,linker_hocker,O,NNO-SSW,ungestoert,,,Schale_u (weitmuendig),0,0,0,0,0,0,0,0,0,0,0,0,0,0,0,0,0,0,0,0,0,0,0,0,0,0,0,0,0,0,0,0,0,0,0,0,0,1,0,0,0,0,0
86,86,39,koerperbestattung,unbestimmt,,unbestimmt,linker_hocker,O,N-S,ungestoert,,,Schale_u (Standring; halbkugelig),0,0,0,0,0,0,0,0,0,0,0,0,0,0,0,0,0,0,0,0,0,0,0,0,0,0,0,0,0,0,0,0,0,0,0,0,0,1,0,0,0,0,0
87,87,39,koerperbestattung,unbestimmt,,unbestimmt,ka,ka,N-S,ungestoert,,,Becher_u (bauchig),0,0,0,0,0,0,0,0,0,0,0,0,0,0,0,0,0,0,0,0,0,0,0,0,0,0,0,0,0,0,0,0,0,1,0,0,0,0,0,0,0,0,0
88,88,39,koerperbestattung,unbestimmt,,unbestimmt,rechter_hocker,O,S-N,ungestoert,,,beigabenlos,0,0,0,0,0,0,0,0,0,0,0,0,0,0,0,0,0,0,0,0,0,0,0,0,0,0,0,0,0,0,0,0,0,0,0,0,0,0,0,0,0,0,0
89,89,39,koerperbestattung,unbestimmt,,unbestimmt,rechter_hocker,O,S-N,ungestoert,,,GB_u,0,0,0,0,0,0,0,0,0,0,0,0,0,0,0,0,0,0,0,0,0,0,0,0,0,0,0,0,0,1,0,0,0,0,0,0,0,0,0,0,0,0,0
90,90,39,koerperbestattung,unbestimmt,,unbestimmt,ka,ka,NNO-SSW,gestoert_stark,,gestoert durch AK Grab,beigabenlos,0,0,0,0,0,0,0,0,0,0,0,0,0,0,0,0,0,0,0,0,0,0,0,0,0,0,0,0,0,0,0,0,0,0,0,0,0,0,0,0,0,0,0
91,91,39,koerperbestattung,unbestimmt,,unbestimmt,ka,ka,NO-SW,ungestoert,,schlechte Skeletterhaltung,Tasse_u (konisch; leicht bauchig),0,0,0,0,0,0,0,0,0,0,0,0,0,0,0,0,0,0,0,0,0,0,0,0,0,0,0,0,0,0,0,1,0,0,0,0,0,0,0,0,0,0,0
92,92,40,koerperbestattung,maennlich,,adult,linker_hocker,O,NNO-SSW,ungestoert,,,Pfeilspitze (Si; gefluegelt); Abschlag (Si); GB_u,0,0,0,0,0,1,0,0,0,0,1,0,0,0,0,0,0,0,0,0,0,0,0,0,0,0,0,0,0,1,0,0,0,0,0,0,0,0,0,0,0,0,0
93,93,40,koerperbestattung,maennlich,,adult_matur,linker_hocker,O,NNO-SSW,ungestoert,,,Klinge (Si); Klingenfragment (Si),0,0,0,0,0,0,0,0,0,0,0,0,2,0,0,0,0,0,0,0,0,0,0,0,0,0,0,0,0,0,0,0,0,0,0,0,0,0,0,0,0,0,0
94,94,40,koerperbestattung,eher_weiblich,,unbestimmt,rechter_hocker,ka,SSW-NNO,gestoert_stark,,,beigabenlos,0,0,0,0,0,0,0,0,0,0,0,0,0,0,0,0,0,0,0,0,0,0,0,0,0,0,0,0,0,0,0,0,0,0,0,0,0,0,0,0,0,0,0
95,95,40,koerperbestattung,maennlich,,adult,linker_hocker,O,NNO-SSW,ungestoert,,,2xPfeilspitze (Si); 2xAbschlag (Si; 1xbearbeitet); 1xBogenfoermiger Anhaenger (durchbohrt; unverziert),0,0,0,0,0,2,0,0,0,0,1,1,0,0,0,0,0,0,0,1,0,0,0,0,0,0,0,0,0,0,0,0,0,0,0,0,0,0,0,0,0,0,0
96,96,40,koerperbestattung,eher_maennlich,,unbestimmt,linker_hocker,O,N-S,ungestoert,,,Pfeilspitze (Si); Truemmerstueck (Si),0,0,0,0,0,1,0,0,0,0,1,0,0,0,0,0,0,0,0,0,0,0,0,0,0,0,0,0,0,0,0,0,0,0,0,0,0,0,0,0,0,0,0
97,97,40,koerperbestattung,unbestimmt,ca. 4 J.; infans I,infans,rechter_hocker,O,S-N,ungestoert,,,Schale_u (halbkugelig),0,0,0,0,0,0,0,0,0,0,0,0,0,0,0,0,0,0,0,0,0,0,0,0,0,0,0,0,0,0,0,0,0,0,0,0,0,1,0,0,0,0,0
98,98,40,koerperbestattung,eher_weiblich,ca. 35 J.,adult,rechter_hocker,O,S-N,ungestoert,,,GB_u,0,0,0,0,0,0,0,0,0,0,0,0,0,0,0,0,0,0,0,0,0,0,0,0,0,0,0,0,0,1,0,0,0,0,0,0,0,0,0,0,0,0,0
99,99,40,koerperbestattung,maennlich,ueb. 50 J.,matur_senil,linker_hocker,O,N-S,ungestoert,,,2xAbschlag (Si; 1xrestuschiert); Werkzeug (Kn); Eberhauer; Stein (roetlich); GB_v (kammstempelverziert),0,0,0,0,0,0,0,0,0,0,1,1,0,0,0,0,0,1,0,0,1,0,0,0,0,0,1,0,1,0,0,0,0,0,0,0,0,0,0,0,0,0,0
100,100,40,koerperbestattung,unbestimmt,10-11 J.; infans II,infans,rechter_hocker,O,S-N,gestoert_stark,,,beigabenlos,0,0,0,0,0,0,0,0,0,0,0,0,0,0,0,0,0,0,0,0,0,0,0,0,0,0,0,0,0,0,0,0,0,0,0,0,0,0,0,0,0,0,0
101,101,40,koerperbestattung,weiblich,25-30 J.,adult,rechter_hocker,O,S-N,gestoert_leicht,,,GB_v (kammstempelverziert); Tasse_u; Schale_u (groß; gewoelbt),0,0,0,0,0,0,0,0,0,0,0,0,0,0,0,0,0,0,0,0,0,0,0,0,0,0,0,0,1,0,0,1,0,0,0,0,0,1,0,0,0,0,0
102,102,40,koerperbestattung,eher_maennlich,20-30 J.,adult,linker_hocker,O,NNO-SSW,gestoert_leicht,,,Pfeilspitze (Si); Gefaeß (S-profiliert; verziert),0,0,0,0,0,1,0,0,0,0,0,0,0,0,0,0,0,0,0,0,0,0,0,0,0,0,0,0,0,0,0,0,0,0,0,0,0,0,0,0,0,0,1
103,103,40,koerperbestattung,unbestimmt,,unbestimmt,rechter_hocker,O,SW-NO,ungestoert,,,beigabenlos,0,0,0,0,0,0,0,0,0,0,0,0,0,0,0,0,0,0,0,0,0,0,0,0,0,0,0,0,0,0,0,0,0,0,0,0,0,0,0,0,0,0,0
104,104,41,koerperbestattung,unbestimmt,,unbestimmt,linker_hocker,O,NNW-SSO,ungestoert,,,Muschel (--> anhaenger_kn); Scherben (unverziert),0,0,0,0,0,0,0,0,0,0,0,0,0,0,0,0,0,0,0,0,0,0,0,0,0,1,0,0,0,0,0,0,0,0,0,0,0,0,0,0,0,0,1
105,105,41,koerperbestattung,unbestimmt,,unbestimmt,rechter_hocker,O,SO-NW,ungestoert,,,Tasse_u (schlank); Schale_u (flach); Bodenscherben+Wandscherben,0,0,0,0,0,0,0,0,0,0,0,0,0,0,0,0,0,0,0,0,0,0,0,0,0,0,0,0,0,0,0,1,0,0,0,0,0,1,0,0,0,0,1
106,106,42,koerperbestattung,eher_weiblich,ca. 30 J.,adult,rechter_hocker,O,SO-NW,gestoert_stark,,Orientierung unklar,Tasse_v (kugelbauchig),0,0,0,0,0,0,0,0,0,0,0,0,0,0,0,0,0,0,0,0,0,0,0,0,0,0,0,0,0,0,1,0,0,0,0,0,0,0,0,0,0,0,0
107,107,42,koerperbestattung,unbestimmt,,unbestimmt,linker_hocker,O,N-S,ungestoert,,,Klinge (Si); GB_u,0,0,0,0,0,0,0,0,0,0,0,0,1,0,0,0,0,0,0,0,0,0,0,0,0,0,0,0,0,1,0,0,0,0,0,0,0,0,0,0,0,0,0
108,108,43,koerperbestattung,maennlich,,senil,linker_hocker,ka,NNW-SSO,ungestoert,,,beigabenlos,0,0,0,0,0,0,0,0,0,0,0,0,0,0,0,0,0,0,0,0,0,0,0,0,0,0,0,0,0,0,0,0,0,0,0,0,0,0,0,0,0,0,0
109,109,43,koerperbestattung,weiblich,ca. 20 J.,adult,linker_hocker,NO,NW-SO,ungestoert,,,GB_u,0,0,0,0,0,0,0,0,0,0,0,0,0,0,0,0,0,0,0,0,0,0,0,0,0,0,0,0,0,1,0,0,0,0,0,0,0,0,0,0,0,0,0
110,110,43,koerperbestattung,weiblich,,matur_senil,rechter_hocker,NO,SSO-NNW,ungestoert,,,GB_u,0,0,0,0,0,0,0,0,0,0,0,0,0,0,0,0,0,0,0,0,0,0,0,0,0,0,0,0,0,1,0,0,0,0,0,0,0,0,0,0,0,0,0
111,111,43,koerperbestattung,maennlich,,matur,rechter_hocker,NO,SSO-NNW,ungestoert,,,Tierknochen; Tierschneidezahn (--> anhaenger_kn); Scherben (unverziert),1,0,0,0,0,0,0,0,0,0,0,0,0,0,0,0,0,0,0,0,0,0,0,0,1,0,0,0,0,0,0,0,0,0,0,0,0,0,0,0,0,0,1
112,112,43,koerperbestattung,maennlich,,adult_matur,rechter_hocker,ONO,SSO-NNW,ungestoert,,Blickrichtung unklar,beigabenlos,0,0,0,0,0,0,0,0,0,0,0,0,0,0,0,0,0,0,0,0,0,0,0,0,0,0,0,0,0,0,0,0,0,0,0,0,0,0,0,0,0,0,0
113,113,43,koerperbestattung,maennlich,Mitte 20,adult,linker_hocker,N,NNW-SSO,ungestoert,,,Tierknochen (Reh); Pfeilspitze (Si); GB_v (schlank),1,0,0,0,0,1,0,0,0,0,0,0,0,0,0,0,0,0,0,0,0,0,0,0,0,0,0,0,1,0,0,0,0,0,0,0,0,0,0,0,0,0,0
114,114,43,koerperbestattung,unbestimmt,2 J.,infans,rechter_hocker,N,OSO-WNW,ungestoert,,,GB_u,0,0,0,0,0,0,0,0,0,0,0,0,0,0,0,0,0,0,0,0,0,0,0,0,0,0,0,0,0,1,0,0,0,0,0,0,0,0,0,0,0,0,0
115,115,43,koerperbestattung,maennlich,,adult,rechter_hocker,NNO,SSO-NNW,ungestoert,,,Abschlag (Si); GB_u,0,0,0,0,0,0,0,0,0,0,1,0,0,0,0,0,0,0,0,0,0,0,0,0,0,0,0,0,0,1,0,0,0,0,0,0,0,0,0,0,0,0,0
116,116,43,koerperbestattung,unbestimmt,,infans,ka,NO,SSO-NNW,gestoert_stark,,,beigabenlos,0,0,0,0,0,0,0,0,0,0,0,0,0,0,0,0,0,0,0,0,0,0,0,0,0,0,0,0,0,0,0,0,0,0,0,0,0,0,0,0,0,0,0
117,117,43,koerperbestattung,unbestimmt,,adult,ka,ka,ka,gestoert_stark,,,beigabenlos,0,0,0,0,0,0,0,0,0,0,0,0,0,0,0,0,0,0,0,0,0,0,0,0,0,0,0,0,0,0,0,0,0,0,0,0,0,0,0,0,0,0,0
118,118,44,koerperbestattung,weiblich,19-28 J.,adult,linker_hocker,O,NW-SO,gestoert_leicht,3733+-24 BP; 2200-2030 cal. BC,,GB_v (kammstempelverziert),0,0,0,0,0,0,0,0,0,0,0,0,0,0,0,0,0,0,0,0,0,0,0,0,0,0,0,0,1,0,0,0,0,0,0,0,0,0,0,0,0,0,0
119,119,44,koerperbestattung,unbestimmt,,infans,ka,ka,ka,gestoert_stark,,,Schulterbecher_u (Trichterrand); Becher_v (profiliert),0,0,0,0,0,0,0,0,0,0,0,0,0,0,0,0,0,0,0,0,0,0,0,0,0,0,0,0,0,0,0,0,0,2,0,0,0,0,0,0,0,0,0
120,120,45,koerperbestattung,maennlich,,senil,linker_hocker,O,N-S,gestoert_stark,,pathologische Veraenderungen am Skelettmaterial,GB_u,0,0,0,0,0,0,0,0,0,0,0,0,0,0,0,0,0,0,0,0,0,0,0,0,0,0,0,0,0,1,0,0,0,0,0,0,0,0,0,0,0,0,0
121,121,46,koerperbestattung,maennlich,zw. 35-45 J.,adult,linker_hocker,O,N-S,gestoert_leicht,,,Dolch (Si; dolchartige Silexklinge); GB_u (umlaufende Halsleiste),0,0,1,0,0,0,0,0,0,0,0,0,0,0,0,0,0,0,0,0,0,0,0,0,0,0,0,0,0,1,0,0,0,0,0,0,0,0,0,0,0,0,0
122,122,47,koerperbestattung,unbestimmt,4 J.,infans,rechter_hocker,O,SSW-NNO,ungestoert,,,Tasse (bauchig),0,0,0,0,0,0,0,0,0,0,0,0,0,0,0,0,0,0,0,0,0,0,0,0,0,0,0,0,0,0,0,1,0,0,0,0,0,0,0,0,0,0,0
123,123,48,koerperbestattung,eher_maennlich,40-50 J.,matur,linker_hocker,O,N-S,ungestoert,,,Tierknochen; GB_u; Keramikfragmente (4xunverziert; 1x MA),1,0,0,0,0,0,0,0,0,0,0,0,0,0,0,0,0,0,0,0,0,0,0,0,0,0,0,0,0,1,0,0,0,0,0,0,0,0,0,0,0,0,1
124,124,49,koerperbestattung,maennlich,,adult,linker_hocker,O,N-S,ungestoert,,,GB_u (kesselfoermig),0,0,0,0,0,0,0,0,0,0,0,0,0,0,0,0,0,0,0,0,0,0,0,0,0,0,0,0,0,1,0,0,0,0,0,0,0,0,0,0,0,0,0
125,125,50,koerperbestattung,maennlich,,matur,linker_hocker,O,NNO-SSW,ungestoert,,,Tierknochen (Hausschwein); 2xPfeilspitze (Si); 2xKlinge (Si); Truemmer (Si); GB_v (kammstempelverziert),1,0,0,0,0,2,0,0,0,0,1,0,2,0,0,0,0,0,0,0,0,0,0,0,0,0,0,0,1,0,0,0,0,0,0,0,0,0,0,0,0,0,0
126,126,51,koerperbestattung,unbestimmt,,unbestimmt,rechter_hocker,O,SSW-NNO,ungestoert,,,GB_u (weitmuendig),0,0,0,0,0,0,0,0,0,0,0,0,0,0,0,0,0,0,0,0,0,0,0,0,0,0,0,0,0,1,0,0,0,0,0,0,0,0,0,0,0,0,0
127,127,52,koerperbestattung,maennlich,,matur,linker_hocker,O,N-S,ungestoert,,,Armschutzplatte (4 Bohrungen; stark gewoelbt); Becher_u (bauchig; Standring),0,0,0,0,1,0,0,0,0,0,0,0,0,0,0,0,0,0,0,0,0,0,0,0,0,0,0,0,0,0,0,0,0,1,0,0,0,0,0,0,0,0,0
128,128,53,koerperbestattung,unbestimmt,,unbestimmt,rechter_hocker,NO,NW-SO,ungestoert,,Blichrichtung unklar,GB_u (bauchig),0,0,0,0,0,0,0,0,0,0,0,0,0,0,0,0,0,0,0,0,0,0,0,0,0,0,0,0,0,1,0,0,0,0,0,0,0,0,0,0,0,0,0
129,129,54,koerperbestattung,unbestimmt,,unbestimmt,rechter_hocker,O,S-N,ungestoert,,,Tierknochen (Hund); Spitze (Si; retuschiert),1,0,0,0,0,0,0,0,0,0,0,0,0,1,0,0,0,0,0,0,0,0,0,0,0,0,0,0,0,0,0,0,0,0,0,0,0,0,0,0,0,0,0
130,130,54,koerperbestattung,unbestimmt,,unbestimmt,rechter_hocker,O,SSW-NNO,ungestoert,,gut verheilter Schluesselbeinbruch,Spitze (Si; langezogen),0,0,0,0,0,0,0,0,0,0,0,0,0,1,0,0,0,0,0,0,0,0,0,0,0,0,0,0,0,0,0,0,0,0,0,0,0,0,0,0,0,0,0
131,131,55,koerperbestattung,eher_maennlich,,unbestimmt,linker_hocker,O,NNW-SSO,ungestoert,,"""Rundschaedel""",beigabenlos,0,0,0,0,0,0,0,0,0,0,0,0,0,0,0,0,0,0,0,0,0,0,0,0,0,0,0,0,0,0,0,0,0,0,0,0,0,0,0,0,0,0,0
132,132,56,koerperbestattung,unbestimmt,,unbestimmt,rechter_hocker,NO,S-N,ungestoert,,Becher lag in der Schale,GB_u; Becher_v (schlank); Schale_u (gewoelbt; Griffleiste),0,0,0,0,0,0,0,0,0,0,0,0,0,0,0,0,0,0,0,0,0,0,0,0,0,0,0,0,0,1,0,0,1,0,0,0,0,1,0,0,0,0,0
133,133,57,koerperbestattung,eher_maennlich,ca. 30 J.,adult,linker_hocker,O,N-S,ungestoert,,,Pfeilspitze (Si); 3xKlinge (Si); 3xAbschlag (Si; 1xretuschiert); Eberhauer; GB_v (schnittlinienverziert); Wandscherbe,0,0,0,0,0,1,0,0,0,0,2,1,3,0,0,0,0,0,0,0,1,0,0,0,0,0,0,0,1,0,0,0,0,0,0,0,0,0,0,0,0,0,1
134,134,57,koerperbestattung,unbestimmt,,unbestimmt,linker_hocker,O,N-S,ungestoert,,,2xPfeilspitze (Si); Klingenschaber (Si); Klingenabschlag (Si),0,0,0,0,0,2,0,0,0,0,0,0,0,0,2,0,0,0,0,0,0,0,0,0,0,0,0,0,0,0,0,0,0,0,0,0,0,0,0,0,0,0,0
135,135,58,koerperbestattung,maennlich,,matur,linker_hocker,O,N-S,ungestoert,,,GB_v (schnittlinienverziert),0,0,0,0,0,0,0,0,0,0,0,0,0,0,0,0,0,0,0,0,0,0,0,0,0,0,0,0,1,0,0,0,0,0,0,0,0,0,0,0,0,0,0
136,136,58,koerperbestattung,weiblich,,matur,rechter_hocker,O,S-N,ungestoert,,,GB_u; Tasse_u (S-profiliert),0,0,0,0,0,0,0,0,0,0,0,0,0,0,0,0,0,0,0,0,0,0,0,0,0,0,0,0,0,1,0,1,0,0,0,0,0,0,0,0,0,0,0
137,137,59,koerperbestattung,unbestimmt,,unbestimmt,linker_hocker,ka,O-W,ungestoert,,GB Grab?,3xGB_u; Fueßchenschale_u (vier Fuesse),0,0,0,0,0,0,0,0,0,0,0,0,0,0,0,0,0,0,0,0,0,0,0,0,0,0,0,0,0,3,0,0,0,0,0,0,0,0,0,1,0,0,0
138,138,60,koerperbestattung,unbestimmt,,unbestimmt,rechter_hocker,S,W-O,ungestoert,,GB Grab? Eher SK,beigabenlos,0,0,0,0,0,0,0,0,0,0,0,0,0,0,0,0,0,0,0,0,0,0,0,0,0,0,0,0,0,0,0,0,0,0,0,0,0,0,0,0,0,0,0
139,139,60,koerperbestattung,unbestimmt,,unbestimmt,rechter_hocker,O,SSW-NNO,ungestoert,,,Klinge (Si; retuschiert); Schale_u (konisch),0,0,0,0,0,0,0,0,0,0,0,0,1,0,0,0,0,0,0,0,0,0,0,0,0,0,0,0,0,0,0,0,0,0,0,0,0,1,0,0,0,0,0
140,140,61,koerperbestattung,unbestimmt,,unbestimmt,linker_hocker,O,N-S,ungestoert,,,Gefaeß (bauchig),0,0,0,0,0,0,0,0,0,0,0,0,0,0,0,0,0,0,0,0,0,0,0,0,0,0,0,0,0,0,0,0,0,0,0,0,0,0,0,0,0,0,1
141,141,62,koerperbestattung,unbestimmt,,unbestimmt,ka,ka,ka,ungestoert,,keine Skelettueberreste; Kenotaph?,Fueßchenschale_v (vier Fueße; zylinderfoermig); Krug_v (klein),0,0,0,0,0,0,0,0,0,0,0,0,0,0,0,0,0,0,0,0,0,0,0,0,0,0,0,0,0,0,0,0,0,0,1,0,0,0,1,0,0,0,0
142,142,63,koerperbestattung,unbestimmt,,unbestimmt,rechter_hocker,S,W-O,ungestoert,,GB Grab? Eher SK?,Becher_u (klein; plump; dickwandig); Napf (konisch),0,0,0,0,0,0,0,0,0,0,0,0,0,0,0,0,0,0,0,0,0,0,0,0,0,0,0,0,0,0,0,0,0,1,0,0,0,0,0,0,1,0,0
143,143,64,koerperbestattung,unbestimmt,,unbestimmt,linker_hocker,O,N-S,ungestoert,,,Armschutzplatte (strak gewoelbt; roter Schiefer); GB_u,0,0,0,0,1,0,0,0,0,0,0,0,0,0,0,0,0,0,0,0,0,0,0,0,0,0,0,0,1,0,0,0,0,0,0,0,0,0,0,0,0,0,0
144,144,65,koerperbestattung,unbestimmt,,unbestimmt,linker_hocker,O,NW-SO,ungestoert,,,GB_u; Napf (leicht gewoelbt),0,0,0,0,0,0,0,0,0,0,0,0,0,0,0,0,0,0,0,0,0,0,0,0,0,0,0,0,0,1,0,0,0,0,0,0,0,0,0,0,1,0,0
145,145,66,koerperbestattung,unbestimmt,,unbestimmt,rechter_hocker,O,SO-NW,ungestoert,,,Tasse_u (S-profiliert); Schale_u (schraegwandig),0,0,0,0,0,0,0,0,0,0,0,0,0,0,0,0,0,0,0,0,0,0,0,0,0,0,0,0,0,0,0,1,0,0,0,0,0,1,0,0,0,0,0
146,146,66,koerperbestattung,unbestimmt,,unbestimmt,linker_hocker,NO,NW-SO,ungestoert,,,Gefaeß (stark bauchig),0,0,0,0,0,0,0,0,0,0,0,0,0,0,0,0,0,0,0,0,0,0,0,0,0,0,0,0,0,0,0,0,0,0,0,0,0,0,0,0,0,0,1
147,147,67,koerperbestattung,unbestimmt,,unbestimmt,rechter_hocker,O,SSO-NNW,ungestoert,,,Tierknochen (30); Tasse_u (wenig profiliert; leicht bauchig); Schale_u (konisch; leicht gwoelbt); Scherbe eine doppelkonischen Bechers (unverziert; Ammerslebener Gruppe),1,0,0,0,0,0,0,0,0,0,0,0,0,0,0,0,0,0,0,0,0,0,0,0,0,0,0,0,0,0,0,1,0,1,0,0,0,1,0,0,0,0,0
148,148,68,koerperbestattung,unbestimmt,,adult_matur,linker_hocker,O,NO-SW,ungestoert,,,Klinge (Si); Becher_v (S-profiliert),0,0,0,0,0,0,0,0,0,0,0,0,1,0,0,0,0,0,0,0,0,0,0,0,0,0,0,0,0,0,0,0,1,0,0,0,0,0,0,0,0,0,0
149,149,68,koerperbestattung,eher_weiblich,,adult,rechter_hocker,O,SW-NO,ungestoert,,"""zierlicher Koerperbau"" --> w?",Tierknochen (3; Rippen?); Schale_u (Standring; gewoelbt),1,0,0,0,0,0,0,0,0,0,0,0,0,0,0,0,0,0,0,0,0,0,0,0,0,0,0,0,0,0,0,0,0,0,0,0,0,1,0,0,0,0,0
150,150,68,koerperbestattung,unbestimmt,,juvenil,linker_hocker,O,NNO-SSW,ungestoert,,,Tierknochen (2); GB_u (unregelmaeßig geformt),1,0,0,0,0,0,0,0,0,0,0,0,0,0,0,0,0,0,0,0,0,0,0,0,0,0,0,0,0,1,0,0,0,0,0,0,0,0,0,0,0,0,0
151,151,68,koerperbestattung,unbestimmt,,infans,linker_hocker,O,NO-SW,ungestoert,,,Schale_u (schraegwandig),0,0,0,0,0,0,0,0,0,0,0,0,0,0,0,0,0,0,0,0,0,0,0,0,0,0,0,0,0,0,0,0,0,0,0,0,0,1,0,0,0,0,0
152,152,68,koerperbestattung,unbestimmt,,adult,rechter_hocker,O,SW-NO,ungestoert,,,Krugtasse_u (Trichtermuendung),0,0,0,0,0,0,0,0,0,0,0,0,0,0,0,0,0,0,0,0,0,0,0,0,0,0,0,0,0,0,0,1,0,0,0,0,0,0,0,0,0,0,0
153,153,68,koerperbestattung,unbestimmt,,infans,linker_hocker,O,NO-SW,ungestoert,,,beigabenlos,0,0,0,0,0,0,0,0,0,0,0,0,0,0,0,0,0,0,0,0,0,0,0,0,0,0,0,0,0,0,0,0,0,0,0,0,0,0,0,0,0,0,0
154,154,68,koerperbestattung,unbestimmt,,adult,linker_hocker,O,NO-SW,ungestoert,,,GB_u,0,0,0,0,0,0,0,0,0,0,0,0,0,0,0,0,0,0,0,0,0,0,0,0,0,0,0,0,0,1,0,0,0,0,0,0,0,0,0,0,0,0,0
155,155,68,koerperbestattung,unbestimmt,,infans,rechter_hocker,O,SSW-NNO,ungestoert,,,Topf (Standplatte; S-profiliertm bauchig),0,0,0,0,0,0,0,0,0,0,0,0,0,0,0,0,0,0,0,0,0,0,0,0,0,0,0,0,0,0,0,0,0,0,0,0,0,0,0,0,0,1,0
156,156,68,koerperbestattung,unbestimmt,,adult,linker_hocker,O,NO-SW,ungestoert,,,Schale_u (Standring; halbkugelig),0,0,0,0,0,0,0,0,0,0,0,0,0,0,0,0,0,0,0,0,0,0,0,0,0,0,0,0,0,0,0,0,0,0,0,0,0,1,0,0,0,0,0
157,157,68,koerperbestattung,unbestimmt,,unbestimmt,ka,ka,ka,gestoert_stark,,,Gefaeßunterteil,0,0,0,0,0,0,0,0,0,0,0,0,0,0,0,0,0,0,0,0,0,0,0,0,0,0,0,0,0,0,0,0,0,0,0,0,0,0,0,0,0,0,1
158,158,68,koerperbestattung,unbestimmt,,unbestimmt,ka,ka,N-S,ungestoert,,Umgang mit Bestattung unklar; Brandbestattung?,beigabenlos,0,0,0,0,0,0,0,0,0,0,0,0,0,0,0,0,0,0,0,0,0,0,0,0,0,0,0,0,0,0,0,0,0,0,0,0,0,0,0,0,0,0,0
159,159,69,koerperbestattung,unbestimmt,,unbestimmt,linker_hocker,O,NW-SO,ungestoert,,,Knochenspitze (Kn; --> Pfriem); GB_v (schnittlinienverziert),0,0,0,0,0,0,0,0,1,0,0,0,0,0,0,0,0,0,0,0,0,0,0,0,0,0,0,0,1,0,0,0,0,0,0,0,0,0,0,0,0,0,0
160,160,70,koerperbestattung,unbestimmt,,unbestimmt,ka,ka,ka,ungestoert,,,beigabenlos,0,0,0,0,0,0,0,0,0,0,0,0,0,0,0,0,0,0,0,0,0,0,0,0,0,0,0,0,0,0,0,0,0,0,0,0,0,0,0,0,0,0,0
161,161,70,koerperbestattung,unbestimmt,,unbestimmt,linker_hocker,O,N-S,ungestoert,,,Gefaeß (bauchig),0,0,0,0,0,0,0,0,0,0,0,0,0,0,0,0,0,0,0,0,0,0,0,0,0,0,0,0,0,0,0,0,0,0,0,0,0,0,0,0,0,0,1
162,162,70,koerperbestattung,unbestimmt,,unbestimmt,linker_hocker,O,NO-SW,ungestoert,,,Kilnge (Si); GB_u,0,0,0,0,0,0,0,0,0,0,0,0,1,0,0,0,0,0,0,0,0,0,0,0,0,0,0,0,0,1,0,0,0,0,0,0,0,0,0,0,0,0,0
163,163,70,koerperbestattung,unbestimmt,,unbestimmt,ka,ka,ka,ungestoert,,,Scherben,0,0,0,0,0,0,0,0,0,0,0,0,0,0,0,0,0,0,0,0,0,0,0,0,0,0,0,0,0,0,0,0,0,0,0,0,0,0,0,0,0,0,1
164,164,71,koerperbestattung,unbestimmt,,unbestimmt,linker_hocker,O,N-S,ungestoert,,,Tierknochen; Nadel (Br; --> pfriem_etc._ku); Spitze (Kn); Feuerstein (-->abschlag_si); Schlacke (--> sonstiges); GB_u; Scherben,1,0,0,0,0,0,0,1,1,0,1,0,0,0,0,0,0,0,0,0,0,0,0,0,0,0,0,1,0,1,0,0,0,0,0,0,0,0,0,0,0,0,1
165,165,72,koerperbestattung,unbestimmt,30 J.,adult,linker_hocker,O,N-S,gestoert_leicht,,,Pfeilspitze (Si),0,0,0,0,0,1,0,0,0,0,0,0,0,0,0,0,0,0,0,0,0,0,0,0,0,0,0,0,0,0,0,0,0,0,0,0,0,0,0,0,0,0,0
166,166,72,koerperbestattung,unbestimmt,ueber 12 J.,infans_juvenil,linker_hocker,NO,NW-SO,ungestoert,,,3xSchaber (Si); GB_u,0,0,0,0,0,0,0,0,0,0,0,0,0,0,3,0,0,0,0,0,0,0,0,0,0,0,0,0,0,1,0,0,0,0,0,0,0,0,0,0,0,0,0
167,167,72,koerperbestattung,unbestimmt,,unbestimmt,linker_hocker,O,N-S,ungestoert,,,2xPfeilspitze (Si); Klinge (Si); 3xAbschlag (Si); GB_u; Keramikfragmente,0,0,0,0,0,2,0,0,0,0,3,0,1,0,0,0,0,0,0,0,0,0,0,0,0,0,0,0,0,1,0,0,0,0,0,0,0,0,0,0,0,0,1
168,168,73,koerperbestattung,weiblich,,senil,rechter_hocker,O,SO-NW,ungestoert,,,GB_v (stempelverziert),0,0,0,0,0,0,0,0,0,0,0,0,0,0,0,0,0,0,0,0,0,0,0,0,0,0,0,0,1,0,0,0,0,0,0,0,0,0,0,0,0,0,0
169,169,74,koerperbestattung,maennlich,40-50 J.,matur,linker_hocker,O,NW-SO,gestoert_mittel,,,Schale_u (weitmuendig),0,0,0,0,0,0,0,0,0,0,0,0,0,0,0,0,0,0,0,0,0,0,0,0,0,0,0,0,0,0,0,0,0,0,0,0,0,1,0,0,0,0,0
170,170,75,koerperbestattung,unbestimmt,,unbestimmt,linker_hocker,O,N-S,ungestoert,,,Tierknochen (Rind); GB_u,1,0,0,0,0,0,0,0,0,0,0,0,0,0,0,0,0,0,0,0,0,0,0,0,0,0,0,0,0,1,0,0,0,0,0,0,0,0,0,0,0,0,0
171,171,76,koerperbestattung,unbestimmt,,unbestimmt,rechter_hocker,SO,SW-NO,ungestoert,,,Schale_u (halbkugelig),0,0,0,0,0,0,0,0,0,0,0,0,0,0,0,0,0,0,0,0,0,0,0,0,0,0,0,0,0,0,0,0,0,0,0,0,0,1,0,0,0,0,0
172,172,77,koerperbestattung,maennlich,30-35 J.,adult,rechter_hocker,O,S-N,ungestoert,,,GB_v (schnittlinienverziert),0,0,0,0,0,0,0,0,0,0,0,0,0,0,0,0,0,0,0,0,0,0,0,0,0,0,0,0,1,0,0,0,0,0,0,0,0,0,0,0,0,0,0
173,173,77,koerperbestattung,eher_weiblich,,adult,ka,ka,ka,gestoert_stark,,,Tasse_u (S-profiliert; bauchig); doppelkonisches Gefaeß,0,0,0,0,0,0,0,0,0,0,0,0,0,0,0,0,0,0,0,0,0,0,0,0,0,0,0,0,0,0,0,1,0,0,0,0,0,0,0,0,0,0,1
174,174,77,koerperbestattung,eher_maennlich,,adult,ka,O,N-S,gestoert_stark,,Teile des Skeletts fehlen,Tierknochen (Schwein); 2xKeramikfragmente,1,0,0,0,0,0,0,0,0,0,0,0,0,0,0,0,0,0,0,0,0,0,0,0,0,0,0,0,0,0,0,0,0,0,0,0,0,0,0,0,0,0,1
175,175,77,koerperbestattung,eher_weiblich,25-30 J.,adult,linker_hocker,NNO,NW-SO,ungestoert,,,Tierknochen (Schwein); 2xPfeilspitze (Si); GB_u,1,0,0,0,0,2,0,0,0,0,0,0,0,0,0,0,0,0,0,0,0,0,0,0,0,0,0,0,0,1,0,0,0,0,0,0,0,0,0,0,0,0,0
176,176,77,koerperbestattung,unbestimmt,,unbestimmt,ka,ka,ka,gestoert_stark,,wahrscheinlich gestoert,Gefaeß (hoch),0,0,0,0,0,0,0,0,0,0,0,0,0,0,0,0,0,0,0,0,0,0,0,0,0,0,0,0,0,0,0,0,0,0,0,0,0,0,0,0,0,0,1
177,177,77,koerperbestattung,unbestimmt,,unbestimmt,linker_hocker,O,N-S,ungestoert,,,10xPfeilspitzen (Si); Fueßchenschale_u (vier Fueße; kalottenfoermig),0,0,0,0,0,10,0,0,0,0,0,0,0,0,0,0,0,0,0,0,0,0,0,0,0,0,0,0,0,0,0,0,0,0,0,0,0,0,0,1,0,0,0
178,178,77,koerperbestattung,weiblich,,juvenil_adult,ka,ka,ka,gestoert_stark,,Pferdeknochen wahrscheinlich nicht der Bestattung zugehoerig,Tasse_v (wulstiger Rand),0,0,0,0,0,0,0,0,0,0,0,0,0,0,0,0,0,0,0,0,0,0,0,0,0,0,0,0,0,0,1,0,0,0,0,0,0,0,0,0,0,0,0
179,179,77,koerperbestattung,maennlich,ca. 50 J.,adult_matur,linker_hocker,O,N-S,ungestoert,,,Tierknochen (Schwein); Armschutzplatte (gewoelbt; 4 Bohrungen); GB_u,1,0,0,0,1,0,0,0,0,0,0,0,0,0,0,0,0,0,0,0,0,0,0,0,0,0,0,0,0,1,0,0,0,0,0,0,0,0,0,0,0,0,0
180,180,77,koerperbestattung,unbestimmt,,unbestimmt,ka,ka,ka,ungestoert,,Kenotaph?,Zapfenbecher_u,0,0,0,0,0,0,0,0,0,0,0,0,0,0,0,0,0,0,0,0,0,0,0,0,0,0,0,0,0,0,0,0,0,1,0,0,0,0,0,0,0,0,0
181,181,77,koerperbestattung,weiblich,,matur_senil,rechter_hocker,O,S-N,ungestoert,,,GB_u; Krug (schnittlinienverziert; hoch),0,0,0,0,0,0,0,0,0,0,0,0,0,0,0,0,0,0,0,0,0,0,0,0,0,0,0,0,0,1,0,0,0,0,1,0,0,0,0,0,0,0,0
182,182,77,koerperbestattung,weiblich,20-25 J.,adult,rechter_hocker,O,SW-NO,gestoert_leicht,,,Brettidol (Kn; gelocht --> Trachtnadel); GB_u,0,0,0,0,0,0,0,0,0,0,0,0,0,0,0,0,0,0,1,0,0,0,0,0,0,0,0,0,0,1,0,0,0,0,0,0,0,0,0,0,0,0,0
183,183,77,koerperbestattung,maennlich,ca. 30 J.,adult,ka,ka,ka,gestoert_stark,,,Keramikfragmente,0,0,0,0,0,0,0,0,0,0,0,0,0,0,0,0,0,0,0,0,0,0,0,0,0,0,0,0,0,0,0,0,0,0,0,0,0,0,0,0,0,0,1
184,184,77,koerperbestattung,unbestimmt,,unbestimmt,linker_hocker,ka,NW-SO,ungestoert,,keine gute Skeletterhaltung; Lage und genaue Orientierung unklar,Tierknochen (Schwein); GB_u,1,0,0,0,0,0,0,0,0,0,0,0,0,0,0,0,0,0,0,0,0,0,0,0,0,0,0,0,0,1,0,0,0,0,0,0,0,0,0,0,0,0,0
185,185,77,koerperbestattung,weiblich,ueber 40 J.,matur,rechter_hocker,O,SSO-NNW,ungestoert,,,Pfeilspitze (Si),0,0,0,0,0,1,0,0,0,0,0,0,0,0,0,0,0,0,0,0,0,0,0,0,0,0,0,0,0,0,0,0,0,0,0,0,0,0,0,0,0,0,0
186,186,77,koerperbestattung,maennlich,20-25 J.,adult,rueckenstrecker,W,S-N,ungestoert,,wahrscheinlich kein GB Grab,Keramikfragmente (unverziert),0,0,0,0,0,0,0,0,0,0,0,0,0,0,0,0,0,0,0,0,0,0,0,0,0,0,0,0,0,0,0,0,0,0,0,0,0,0,0,0,0,0,1
187,187,77,koerperbestattung,weiblich,25-20 J.,adult,linker_hocker,O,N-S,ungestoert,,,Tierknochen (Schwein); 2xPfeilsitze (Si); 2xKlinge (Si); Abschlag (Si; bearbeitet),1,0,0,0,0,2,0,0,0,0,0,1,2,0,0,0,0,0,0,0,0,0,0,0,0,0,0,0,0,0,0,0,0,0,0,0,0,0,0,0,0,0,0
188,188,77,koerperbestattung,unbestimmt,,unbestimmt,linker_hocker,S,ONO-WSW,ungestoert,,schlechte Skeletterahlung; Blickrichtung unklar,Silexstueck (retuschiet; trapezfoermig),0,0,0,0,0,0,0,0,0,0,0,1,0,0,0,0,0,0,0,0,0,0,0,0,0,0,0,0,0,0,0,0,0,0,0,0,0,0,0,0,0,0,0
189,189,78,koerperbestattung,weiblich,,unbestimmt,rechter_hocker,O,S-N,ungestoert,,,GB_u,0,0,0,0,0,0,0,0,0,0,0,0,0,0,0,0,0,0,0,0,0,0,0,0,0,0,0,0,0,1,0,0,0,0,0,0,0,0,0,0,0,0,0
190,190,79,koerperbestattung,weiblich,,unbestimmt,rechter_hocker,O,SO-NW,ungestoert,,,beigabenlos,0,0,0,0,0,0,0,0,0,0,0,0,0,0,0,0,0,0,0,0,0,0,0,0,0,0,0,0,0,0,0,0,0,0,0,0,0,0,0,0,0,0,0
191,191,80,koerperbestattung,maennlich,,unbestimmt,linker_hocker,O,N-S,ungestoert,,,beigabenlos,0,0,0,0,0,0,0,0,0,0,0,0,0,0,0,0,0,0,0,0,0,0,0,0,0,0,0,0,0,0,0,0,0,0,0,0,0,0,0,0,0,0,0
192,192,81,koerperbestattung,unbestimmt,,unbestimmt,rechter_hocker,SO,SW-NO,ungestoert,,schlechte Skeletterhaltung,Stein; Schale_u (Standring; halbkugelig),0,0,0,0,0,0,0,0,0,0,0,0,0,0,0,0,0,0,0,0,0,0,0,0,0,0,1,0,0,0,0,0,0,0,0,0,0,1,0,0,0,0,0
193,193,81,koerperbestattung,unbestimmt,,unbestimmt,rechter_hocker,O,S-N,gestoert_leicht,,,Schale_u (Standring; halbkugelig),0,0,0,0,0,0,0,0,0,0,0,0,0,0,0,0,0,0,0,0,0,0,0,0,0,0,0,0,0,0,0,0,0,0,0,0,0,1,0,0,0,0,0
194,194,81,koerperbestattung,unbestimmt,,unbestimmt,linker_hocker,SO,NO-SW,ungestoert,,,Horn (-->sonstiges),0,0,0,0,0,0,0,0,0,0,0,0,0,0,0,0,0,0,0,0,0,0,0,0,0,0,0,1,0,0,0,0,0,0,0,0,0,0,0,0,0,0,0
195,195,81,koerperbestattung,unbestimmt,,unbestimmt,linker_hocker,SO,NO-SW,ungestoert,,,Silex,0,0,0,0,0,0,0,0,0,1,0,0,0,0,0,0,0,0,0,0,0,0,0,0,0,0,0,0,0,0,0,0,0,0,0,0,0,0,0,0,0,0,0
196,196,81,koerperbestattung,unbestimmt,,unbestimmt,rechter_hocker,O,SO-NW,ungestoert,,,Tasse_u (bauchig),0,0,0,0,0,0,0,0,0,0,0,0,0,0,0,0,0,0,0,0,0,0,0,0,0,0,0,0,0,0,0,1,0,0,0,0,0,0,0,0,0,0,0
197,197,82,koerperbestattung,unbestimmt,,unbestimmt,rechter_hocker,O,SSO-NNW,ungestoert,,,Fueßchenschale_u (4 Fueße; halbkugelig),0,0,0,0,0,0,0,0,0,0,0,0,0,0,0,0,0,0,0,0,0,0,0,0,0,0,0,0,0,0,0,0,0,0,0,0,0,0,0,1,0,0,0
198,198,83,koerperbestattung,unbestimmt,,unbestimmt,ka,ka,ka,ungestoert,,Kenotaph?,Pfeilspitze (Si); GB_v (kammstempelverziert); Tasse_u (schlank),0,0,0,0,0,1,0,0,0,0,0,0,0,0,0,0,0,0,0,0,0,0,0,0,0,0,0,0,1,0,0,1,0,0,0,0,0,0,0,0,0,0,0
199,199,83,koerperbestattung,unbestimmt,,unbestimmt,linker_hocker,O,N-S,ungestoert,,,beigabenlos,0,0,0,0,0,0,0,0,0,0,0,0,0,0,0,0,0,0,0,0,0,0,0,0,0,0,0,0,0,0,0,0,0,0,0,0,0,0,0,0,0,0,0
200,200,83,koerperbestattung,unbestimmt,,unbestimmt,linker_hocker,O,N-S,gestoert_leicht,,linker Arm fehlt --> Stoerung?,beigabenlos,0,0,0,0,0,0,0,0,0,0,0,0,0,0,0,0,0,0,0,0,0,0,0,0,0,0,0,0,0,0,0,0,0,0,0,0,0,0,0,0,0,0,0
201,201,83,koerperbestattung,unbestimmt,,unbestimmt,rechter_hocker,O,S-N,ungestoert,,,Schale_u (halbkugelig),0,0,0,0,0,0,0,0,0,0,0,0,0,0,0,0,0,0,0,0,0,0,0,0,0,0,0,0,0,0,0,0,0,0,0,0,0,1,0,0,0,0,0
202,202,84,koerperbestattung,unbestimmt,,unbestimmt,linker_hocker,O,NW-SO,ungestoert,,,"4x""Spielsteine""",0,0,0,0,0,0,0,0,0,0,0,0,0,0,0,0,0,0,0,0,0,0,0,0,0,0,4,0,0,0,0,0,0,0,0,0,0,0,0,0,0,0,0
203,203,84,koerperbestattung,maennlich,,adult,linker_hocker,O,N-S,ungestoert,,,Tierknochen (schwein); Dolch (Ku); 3xPfeilspitze (Si); Schleifstein (Fe); 2xGeraet (Kn; Hirschgeweih); Eberhauer (bearbeitet); GB_u,1,1,0,0,0,3,0,0,0,0,0,0,0,0,0,0,1,2,0,0,1,0,0,0,0,0,0,0,0,1,0,0,0,0,0,0,0,0,0,0,0,0,0
204,204,85,koerperbestattung,unbestimmt,,matur,linker_hocker,O,N-S,ungestoert,,,GB_u,0,0,0,0,0,0,0,0,0,0,0,0,0,0,0,0,0,0,0,0,0,0,0,0,0,0,0,0,0,1,0,0,0,0,0,0,0,0,0,0,0,0,0
205,205,85,koerperbestattung,maennlich,,adult,linker_hocker,W,SO-NW,ungestoert,,,5xPfeilspitzen (Si); Abschlag (Si); Schaber (Si); Muschelschale (Flussperlmuschel --> anhaenger_kn),0,0,0,0,0,5,0,0,0,0,0,1,0,0,1,0,0,0,0,0,0,0,0,0,0,1,0,0,0,0,0,0,0,0,0,0,0,0,0,0,0,0,0
206,206,85,koerperbestattung,weiblich,,matur,rechter_hocker,NW,SSO-NNW,ungestoert,,,Krug_v,0,0,0,0,0,0,0,0,0,0,0,0,0,0,0,0,0,0,0,0,0,0,0,0,0,0,0,0,0,0,0,0,0,0,1,0,0,0,0,0,0,0,0
207,207,85,koerperbestattung,unbestimmt,,unbestimmt,ka,ka,ka,gestoert_stark,,keine nennenswerte Erhaltung,Gefaeß (steilwandig),0,0,0,0,0,0,0,0,0,0,0,0,0,0,0,0,0,0,0,0,0,0,0,0,0,0,0,0,0,0,0,0,0,0,0,0,0,0,0,0,0,0,1
208,208,85,koerperbestattung,maennlich,,matur,linker_hocker,O,N-S,ungestoert,,,Armschutzplatte (gewoelbt; 4 Bohrungen); Schale_u (weitmuendig; bauchig),0,0,0,0,1,0,0,0,0,0,0,0,0,0,0,0,0,0,0,0,0,0,0,0,0,0,0,0,0,0,0,0,0,0,0,0,0,1,0,0,0,0,0
209,209,85,koerperbestattung,unbestimmt,,unbestimmt,rechter_hocker,O,SO-NW,ungestoert,,,Tasse_u; Gefaeß,0,0,0,0,0,0,0,0,0,0,0,0,0,0,0,0,0,0,0,0,0,0,0,0,0,0,0,0,0,0,0,1,0,0,0,0,0,0,0,0,0,0,1
210,210,85,koerperbestattung,unbestimmt,,unbestimmt,rechter_hocker,O,SO-NW,ungestoert,,,beigabenlos,0,0,0,0,0,0,0,0,0,0,0,0,0,0,0,0,0,0,0,0,0,0,0,0,0,0,0,0,0,0,0,0,0,0,0,0,0,0,0,0,0,0,0
211,211,85,koerperbestattung,unbestimmt,,unbestimmt,ka,ka,ka,gestoert_stark,,,beigabenlos,0,0,0,0,0,0,0,0,0,0,0,0,0,0,0,0,0,0,0,0,0,0,0,0,0,0,0,0,0,0,0,0,0,0,0,0,0,0,0,0,0,0,0
212,212,86,koerperbestattung,unbestimmt,,unbestimmt,linker_hocker,NO,N-S,ungestoert,,,GB_v (schnittlinienverziert; schalenartig),0,0,0,0,0,0,0,0,0,0,0,0,0,0,0,0,0,0,0,0,0,0,0,0,0,0,0,0,1,0,0,0,0,0,0,0,0,0,0,0,0,0,0
213,213,86,koerperbestattung,eher_maennlich,,unbestimmt,linker_hocker,O,N-S,ungestoert,,,Gefaeß,0,0,0,0,0,0,0,0,0,0,0,0,0,0,0,0,0,0,0,0,0,0,0,0,0,0,0,0,0,0,0,0,0,0,0,0,0,0,0,0,0,0,1
214,214,86,koerperbestattung,unbestimmt,,unbestimmt,linker_hocker,O,N-S,ungestoert,,Muschel am Fußende --> Beigabe?,Dolch (Ku); Pfeilspitze (Si); GB_v (rillenverziert); Muschel (Fragment; Teichmuschel),0,1,0,0,0,1,0,0,0,0,0,0,0,0,0,0,0,0,0,0,0,0,0,0,0,1,0,0,1,0,0,0,0,0,0,0,0,0,0,0,0,0,0
215,215,87,koerperbestattung,unbestimmt,,unbestimmt,linker_hocker,O,N-S,ungestoert,,,beigabenlos,0,0,0,0,0,0,0,0,0,0,0,0,0,0,0,0,0,0,0,0,0,0,0,0,0,0,0,0,0,0,0,0,0,0,0,0,0,0,0,0,0,0,0
216,216,87,koerperbestattung,unbestimmt,,unbestimmt,rechter_hocker,O,S-N,ungestoert,,,Tasse_u (kugelbauchig); Scherben (unverziert),0,0,0,0,0,0,0,0,0,0,0,0,0,0,0,0,0,0,0,0,0,0,0,0,0,0,0,0,0,0,0,1,0,0,0,0,0,0,0,0,0,0,1
217,217,87,koerperbestattung,unbestimmt,,unbestimmt,linker_hocker,O,N-S,ungestoert,,,Tasse_u (strak bauchig); Schale_u (weitmuendig; bauchig),0,0,0,0,0,0,0,0,0,0,0,0,0,0,0,0,0,0,0,0,0,0,0,0,0,0,0,0,0,0,0,1,0,0,0,0,0,1,0,0,0,0,0
218,218,87,koerperbestattung,unbestimmt,,unbestimmt,rechter_hocker,O,S-N,ungestoert,,,Tasse_u (klein; bauchig); Muschel,0,0,0,0,0,0,0,0,0,0,0,0,0,0,0,0,0,0,0,0,0,0,0,0,0,1,0,0,0,0,0,1,0,0,0,0,0,0,0,0,0,0,0
219,219,88,koerperbestattung,weiblich,ca. 60-70 J.,senil,rechter_hocker,O,S-N,ungestoert,,,Schale_u (Standring; kalottenfoermig); Abschlag (Si),0,0,0,0,0,0,0,0,0,0,1,0,0,0,0,0,0,0,0,0,0,0,0,0,0,0,0,0,0,0,0,0,0,0,0,0,0,1,0,0,0,0,0
220,220,88,koerperbestattung,unbestimmt,,unbestimmt,linker_hocker,O,N-S,gestoert_mittel,,,beigabenlos,0,0,0,0,0,0,0,0,0,0,0,0,0,0,0,0,0,0,0,0,0,0,0,0,0,0,0,0,0,0,0,0,0,0,0,0,0,0,0,0,0,0,0
221,221,89,koerperbestattung,unbestimmt,,adult,rechter_hocker,SO,SW-NO,ungestoert,,Skelett schlecht erhalten,Fueßchenschale_u (bauchig),0,0,0,0,0,0,0,0,0,0,0,0,0,0,0,0,0,0,0,0,0,0,0,0,0,0,0,0,0,0,0,0,0,0,0,0,0,0,0,1,0,0,0
222,222,90,koerperbestattung,unbestimmt,,unbestimmt,rechter_hocker,W,N-S,ungestoert,,,Armschutzplatte (4 Bohrungen); GB_v (rillenverziert),0,0,0,0,1,0,0,0,0,0,0,0,0,0,0,0,0,0,0,0,0,0,0,0,0,0,0,0,1,0,0,0,0,0,0,0,0,0,0,0,0,0,0
223,223,91,koerperbestattung,unbestimmt,,unbestimmt,ka,ka,ka,ungestoert,,,GB_u,0,0,0,0,0,0,0,0,0,0,0,0,0,0,0,0,0,0,0,0,0,0,0,0,0,0,0,0,0,1,0,0,0,0,0,0,0,0,0,0,0,0,0
224,224,91,koerperbestattung,unbestimmt,,unbestimmt,rechter_hocker,N,SO-NW,ungestoert,,,Scherben (undverziert),0,0,0,0,0,0,0,0,0,0,0,0,0,0,0,0,0,0,0,0,0,0,0,0,0,0,0,0,0,0,0,0,0,0,0,0,0,0,0,0,0,0,1
225,225,91,koerperbestattung,unbestimmt,,unbestimmt,linker_hocker,O,NW-SO,ungestoert,,,beigabenlos,0,0,0,0,0,0,0,0,0,0,0,0,0,0,0,0,0,0,0,0,0,0,0,0,0,0,0,0,0,0,0,0,0,0,0,0,0,0,0,0,0,0,0
226,226,91,koerperbestattung,unbestimmt,,unbestimmt,linker_hocker,O,N-S,ungestoert,,,Becher_u,0,0,0,0,0,0,0,0,0,0,0,0,0,0,0,0,0,0,0,0,0,0,0,0,0,0,0,0,0,0,0,0,0,1,0,0,0,0,0,0,0,0,0
227,227,92,koerperbestattung,unbestimmt,,unbestimmt,linker_hocker,O,NW-SO,ungestoert,,,3xPfeilspitze (Si); Klinge (Si; kantenretuschiert); GB_u,0,0,0,0,0,3,0,0,0,0,0,0,1,0,0,0,0,0,0,0,0,0,0,0,0,0,0,0,0,1,0,0,0,0,0,0,0,0,0,0,0,0,0
228,228,93,koerperbestattung,unbestimmt,,unbestimmt,linker_hocker,O,N-S,ungestoert,,,2xPfeilspitze (Si); Abschlag (Si; retuschiert); GB_u; Keramikfragmente,0,0,0,0,0,2,0,0,0,0,0,1,0,0,0,0,0,0,0,0,0,0,0,0,0,0,0,0,0,1,0,0,0,0,0,0,0,0,0,0,0,0,1
229,229,94,koerperbestattung,maennlich,,matur,rechter_hocker,O,S-N,ungestoert,,,Steinwekzeug (wahrscheinlich Si); GB_v (schlank); Henkelkanne_u; Schale_u,0,0,0,0,0,0,0,0,0,1,0,0,0,0,0,0,0,0,0,0,0,0,0,0,0,0,0,0,1,0,0,0,0,0,0,0,0,1,0,0,0,1,0
230,230,95,koerperbestattung,unbestimmt,,unbestimmt,linker_hocker,O,N-S,ungestoert,,,Tierknochen (Hirsch; Rind); Pfeilspitze (Si); 2xKlinge (Si); Abschlag (Si; retuschiert; grob); Geweihspan (--> geraet_kn); GB_v (schnittlinienverziert),2,0,0,0,0,1,0,0,0,0,0,1,2,0,0,0,0,1,0,0,0,0,0,0,0,0,0,0,1,0,0,0,0,0,0,0,0,0,0,0,0,0,0
231,231,96,koerperbestattung,weiblich,spaetadult-fruehmatur,adult_matur,rechter_hocker,O,S-N,ungestoert,,,beigabenlos,0,0,0,0,0,0,0,0,0,0,0,0,0,0,0,0,0,0,0,0,0,0,0,0,0,0,0,0,0,0,0,0,0,0,0,0,0,0,0,0,0,0,0
232,232,96,koerperbestattung,weiblich,fruehadult; matur,adult_matur,linker_hocker,O,N-S,ungestoert,,,Pfeilspitze (Kn); GB_u,0,0,0,0,0,0,1,0,0,0,0,0,0,0,0,0,0,0,0,0,0,0,0,0,0,0,0,0,0,1,0,0,0,0,0,0,0,0,0,0,0,0,0
233,233,96,koerperbestattung,maennlich,fruehadult,adult,rechter_hocker,O,S-N,gestoert_leicht,,,Abschlag (Si); GB_u,0,0,0,0,0,0,0,0,0,0,1,0,0,0,0,0,0,0,0,0,0,0,0,0,0,0,0,0,0,1,0,0,0,0,0,0,0,0,0,0,0,0,0
234,234,97,koerperbestattung,maennlich,,adult,linker_hocker,O,N-S,ungestoert,,,Tasse_u (doppelkonisch); Schale_u (Standring; kalottenartig),0,0,0,0,0,0,0,0,0,0,0,0,0,0,0,0,0,0,0,0,0,0,0,0,0,0,0,0,0,0,0,1,0,0,0,0,0,1,0,0,0,0,0
235,235,98,koerperbestattung,unbestimmt,,unbestimmt,linker_hocker,NO,NW-SO,ungestoert,,,GB_v (kammstempelverziert); Tasse_u (hoch; geschweift),0,0,0,0,0,0,0,0,0,0,0,0,0,0,0,0,0,0,0,0,0,0,0,0,0,0,0,0,1,0,0,1,0,0,0,0,0,0,0,0,0,0,0
236,236,99,koerperbestattung,maennlich,ca. 30 J.,adult,linker_hocker,O,N-S,ungestoert,3854+-36 BP; 2410-2267 cal. BC,,GB_v (schnittlinienverziert); 2xFlintstuecke (--> kleingeraet_si); Muschelfragmente,0,0,0,0,0,0,0,0,0,0,2,0,0,0,0,0,0,0,0,0,0,0,0,0,0,1,0,0,1,0,0,0,0,0,0,0,0,0,0,0,0,0,0
237,237,100,koerperbestattung,unbestimmt,,unbestimmt,linker_hocker,O,N-S,ungestoert,,,Tierknochen; Silex (--> kleingeraet_si); GB_v (kammstempelverziert),1,0,0,0,0,0,0,0,0,1,0,0,0,0,0,0,0,0,0,0,0,0,0,0,0,0,0,0,1,0,0,0,0,0,0,0,0,0,0,0,0,0,0
238,238,100,koerperbestattung,unbestimmt,,unbestimmt,linker_hocker,ka,N-S,gestoert_mittel,,schlecht verwachsener Bruch und Wucherungen an Oberschenkelknochen,kleiner Kernstein (-->kleingeraet_si); Keramikfragmente (darunter eine Wandscherbe mit Schnurverzierung),0,0,0,0,0,0,0,0,0,0,0,0,0,0,0,1,0,0,0,0,0,0,0,0,0,0,0,0,0,0,0,0,0,0,0,0,0,0,0,0,0,0,1
239,239,101,koerperbestattung,maennlich,25-40 J.,adult,linker_hocker,O,N-S,ungestoert,3842+-23 BP; 2400-2240 cal. BC,Art der Nadel unklar (Tracht o. Werkzeug),Tierknochen; Dolch (Si); 5xPfeilspitzen (Si); Schleifstein (--> geraet_fe); Geweihfragment (--> geraet_kn); Nadel (Kn; --> Tracht); Eberzahnlamelle; GB_u,1,0,1,0,0,5,0,0,0,0,0,0,0,0,0,0,1,1,1,0,1,0,0,0,0,0,0,0,0,1,0,0,0,0,0,0,0,0,0,0,0,0,0
240,240,101,koerperbestattung,weiblich,erwachsen,adult_matur,rechter_hocker,O,S-N,ungestoert,3848+-15 BP; 2300-2210 cal. BC,,Tierknochen; Silex (bearbeitet); GB_v (kammstempelverziert); Tasse_u (scharft profiliert),1,0,0,0,0,0,0,0,0,0,1,0,0,0,0,0,0,0,0,0,0,0,0,0,0,0,0,0,1,0,0,1,0,0,0,0,0,0,0,0,0,0,0
241,241,101,koerperbestattung,unbestimmt,1;5 J.; infans I,infans,rechter_hocker,O,S-N,ungestoert,,,Tasse_u (profiliert),0,0,0,0,0,0,0,0,0,0,0,0,0,0,0,0,0,0,0,0,0,0,0,0,0,0,0,0,0,0,0,1,0,0,0,0,0,0,0,0,0,0,0
242,242,101,koerperbestattung,unbestimmt,infans I,infans,ka,O,S-N,ungestoert,,,Silex; Schnecken- und Muschelreste,0,0,0,0,0,0,0,0,0,1,0,0,0,0,0,0,0,0,0,0,0,0,0,0,0,1,0,0,0,0,0,0,0,0,0,0,0,0,0,0,0,0,0
243,243,101,koerperbestattung,eher_maennlich,7-8 J.,infans,linker_hocker,O,N-S,ungestoert,,,Tierknochen (Rind),1,0,0,0,0,0,0,0,0,0,0,0,0,0,0,0,0,0,0,0,0,0,0,0,0,0,0,0,0,0,0,0,0,0,0,0,0,0,0,0,0,0,0
244,244,101,koerperbestattung,unbestimmt,9 Monate,infans,linker_hocker,O,N-S,ungestoert,,,Tasse,0,0,0,0,0,0,0,0,0,0,0,0,0,0,0,0,0,0,0,0,0,0,0,0,0,0,0,0,0,0,0,1,0,0,0,0,0,0,0,0,0,0,0
245,245,101,koerperbestattung,unbestimmt,,infans,rechter_hocker,O,S-N,ungestoert,,,Tasse,0,0,0,0,0,0,0,0,0,0,0,0,0,0,0,0,0,0,0,0,0,0,0,0,0,0,0,0,0,0,0,1,0,0,0,0,0,0,0,0,0,0,0
246,246,102,koerperbestattung,eher_maennlich,20-25 J.,adult,linker_hocker,O,NNW-SSO,ungestoert,,,Silexfragmente (--> min. 2xabschlag_si); 2xGB_u,0,0,0,0,0,0,0,0,0,0,2,0,0,0,0,0,0,0,0,0,0,0,0,0,0,0,0,0,0,2,0,0,0,0,0,0,0,0,0,0,0,0,0
247,247,102,koerperbestattung,unbestimmt,infans?,infans,linker_hocker,O,NNW-SSO,ungestoert,,GB in Schale gefunden,4xTruemmer (Si); GB (--> GB_u); Schale_v (Standring; kammstempelverziert),0,0,0,0,0,0,0,0,0,0,4,0,0,0,0,0,0,0,0,0,0,0,0,0,0,0,0,0,0,1,0,0,0,0,0,0,1,0,0,0,0,0,0
248,248,103,brandbestattung,unbestimmt,,unbestimmt,ka,ka,ka,ungestoert,,,Tierknochen (gebrannt); GB_v (schnittlinienverziert); Tasse_u; Becher_u (?),1,0,0,0,0,0,0,0,0,0,0,0,0,0,0,0,0,0,0,0,0,0,0,0,0,0,0,0,1,0,0,1,0,1,0,0,0,0,0,0,0,0,0
249,249,104,koerperbestattung,unbestimmt,,unbestimmt,rechter_hocker,O,SSW-NNO,ungestoert,,,GB_v (linienverziert); Napf,0,0,0,0,0,0,0,0,0,0,0,0,0,0,0,0,0,0,0,0,0,0,0,0,0,0,0,0,1,0,0,0,0,0,0,0,0,0,0,0,1,0,0
250,250,104,koerperbestattung,unbestimmt,,unbestimmt,linker_hocker,O,NNO-SSW,ungestoert,,,Dolch (Si); GB_u,0,0,1,0,0,0,0,0,0,0,0,0,0,0,0,0,0,0,0,0,0,0,0,0,0,0,0,0,0,1,0,0,0,0,0,0,0,0,0,0,0,0,0
251,251,105,koerperbestattung,maennlich,25-30 J.,adult,linker_hocker,O,N-S,gestoert_leicht,,,Spitze (Si); GB_v (kammstempelverziert); Henkelbecher_u,0,0,0,0,0,0,0,0,0,0,0,0,0,1,0,0,0,0,0,0,0,0,0,0,0,0,0,0,1,0,0,0,0,1,0,0,0,0,0,0,0,0,0
252,252,106,koerperbestattung,unbestimmt,,unbestimmt,linker_hocker,SO,O-W,ungestoert,,GB? SK?,Abschlag (Si); GB_v (schnittlinienverziert),0,0,0,0,0,0,0,0,0,0,1,0,0,0,0,0,0,0,0,0,0,0,0,0,0,0,0,0,1,0,0,0,0,0,0,0,0,0,0,0,0,0,0
253,253,107,koerperbestattung,unbestimmt,,unbestimmt,linker_hocker,SO,O-W,ungestoert,,GB? SK?,GB_u,0,0,0,0,0,0,0,0,0,0,0,0,0,0,0,0,0,0,0,0,0,0,0,0,0,0,0,0,0,1,0,0,0,0,0,0,0,0,0,0,0,0,0
254,254,108,koerperbestattung,unbestimmt,,infans,linker_hocker,NO,NW-SO,ungestoert,,,Becher_v (doppelkonisch); Klinge (Si),0,0,0,0,0,0,0,0,0,0,0,0,1,0,0,0,0,0,0,0,0,0,0,0,0,0,0,0,0,0,0,0,1,0,0,0,0,0,0,0,0,0,0
255,255,109,koerperbestattung,eher_maennlich,3,matur,linker_hocker,ka,N-S,ungestoert,,,Dolch (Ku); Armschutzplatte (kraeftig gewoelbt; 4 Bohrungen),0,1,0,0,1,0,0,0,0,0,0,0,0,0,0,0,0,0,0,0,0,0,0,0,0,0,0,0,0,0,0,0,0,0,0,0,0,0,0,0,0,0,0
256,256,110,koerperbestattung,maennlich,,adult_matur,linker_hocker,O,N-S,ungestoert,,,GB_u,0,0,0,0,0,0,0,0,0,0,0,0,0,0,0,0,0,0,0,0,0,0,0,0,0,0,0,0,0,1,0,0,0,0,0,0,0,0,0,0,0,0,0
257,257,111,koerperbestattung,weiblich,fruehadult,adult,rechter_hocker,O,S-N,gestoert_leicht,,,GB_v (kammstempelverziert),0,0,0,0,0,0,0,0,0,0,0,0,0,0,0,0,0,0,0,0,0,0,0,0,0,0,0,0,1,0,0,0,0,0,0,0,0,0,0,0,0,0,0
258,258,111,koerperbestattung,maennlich,spaetadult,adult,linker_hocker,O,N-S,gestoert_stark,,,Armschutzplatte; GB_u,0,0,0,0,1,0,0,0,0,0,0,0,0,0,0,0,0,0,0,0,0,0,0,0,0,0,0,0,0,1,0,0,0,0,0,0,0,0,0,0,0,0,0
259,259,111,koerperbestattung,maennlich,ueber 50 J.,matur,linker_hocker,O,N-S,gestoert_stark,,,Tasse (bauchig),0,0,0,0,0,0,0,0,0,0,0,0,0,0,0,0,0,0,0,0,0,0,0,0,0,0,0,0,0,0,0,1,0,0,0,0,0,0,0,0,0,0,0
260,260,112,koerperbestattung,eher_maennlich,adult?,adult_matur,linker_hocker,ka,N-S,ungestoert,,,GB_v (kammstempelverziert),0,0,0,0,0,0,0,0,0,0,0,0,0,0,0,0,0,0,0,0,0,0,0,0,0,0,0,0,1,0,0,0,0,0,0,0,0,0,0,0,0,0,0
261,261,113,koerperbestattung,maennlich,20-30 J.,adult,linker_hocker,SO,NNW-SSO,ungestoert,,,Armschutzplatte (schmal; 4 Bohrungen); 3xPfeilspitze (Si); Abschlagschaber (Si); Knebel (Kn; --> knopf_kn); GB_v (kammstempelverziert),0,0,0,0,1,3,0,0,0,0,0,0,0,0,1,0,0,0,0,0,0,0,1,0,0,0,0,0,1,0,0,0,0,0,0,0,0,0,0,0,0,0,0
262,262,114,koerperbestattung,unbestimmt,,unbestimmt,rechter_hocker,W,N-S,gestoert_stark,,Lage unklar,GB_v (kammstempelverziert),0,0,0,0,0,0,0,0,0,0,0,0,0,0,0,0,0,0,0,0,0,0,0,0,0,0,0,0,1,0,0,0,0,0,0,0,0,0,0,0,0,0,0
263,263,115,koerperbestattung,unbestimmt,,unbestimmt,rechter_hocker,ka,N-S,ungestoert,,,GB_v (kammstempelverziert); Tasse_v (hoch); Napf (doppelkonisch),0,0,0,0,0,0,0,0,0,0,0,0,0,0,0,0,0,0,0,0,0,0,0,0,0,0,0,0,1,0,0,1,0,0,0,0,0,0,0,0,1,0,0
264,264,116,koerperbestattung,unbestimmt,,unbestimmt,linker_hocker,S,O-W,ungestoert,,,GB_u,0,0,0,0,0,0,0,0,0,0,0,0,0,0,0,0,0,0,0,0,0,0,0,0,0,0,0,0,0,1,0,0,0,0,0,0,0,0,0,0,0,0,0
265,265,117,koerperbestattung,unbestimmt,,unbestimmt,rechter_hocker,O,SO-NW,ungestoert,,,GB_v (kammstempelverziert),0,0,0,0,0,0,0,0,0,0,0,0,0,0,0,0,0,0,0,0,0,0,0,0,0,0,0,0,1,0,0,0,0,0,0,0,0,0,0,0,0,0,0
266,266,118,koerperbestattung,maennlich,30-50 J.,adult_matur,linker_hocker,O,N-S,gestoert_leicht,,durch Tiergaenge gestoert; Haende fehlen,Klinge (Si); Fueßchenschale_u (vier Fueße; stark bauchig); Wandscherbe (mit Schnurverzierung),0,0,0,0,0,0,0,0,0,0,0,0,1,0,0,0,0,0,0,0,0,0,0,0,0,0,0,0,0,0,0,0,0,0,0,0,0,0,0,1,0,0,1
267,267,119,koerperbestattung,unbestimmt,,unbestimmt,linker_hocker,O,N-S,ungestoert,,,2xPfeilspitze (Si); 2xSpitze (Si); Schale_u (Fragment),0,0,0,0,0,2,0,0,0,0,0,0,0,2,0,0,0,0,0,0,0,0,0,0,0,0,0,0,0,0,0,0,0,0,0,0,0,1,0,0,0,0,0
268,268,120,koerperbestattung,weiblich,,matur_senil,ka,O,N-S,ungestoert,,,gebrannter Lehmklumpen (--> sontiges); GB_v (schnittlinienverziert),0,0,0,0,0,0,0,0,0,0,0,0,0,0,0,0,0,0,0,0,0,0,0,0,0,0,0,1,1,0,0,0,0,0,0,0,0,0,0,0,0,0,0
269,269,120,koerperbestattung,unbestimmt,,unbestimmt,linker_hocker,O,N-S,ungestoert,,,beigabenlos,0,0,0,0,0,0,0,0,0,0,0,0,0,0,0,0,0,0,0,0,0,0,0,0,0,0,0,0,0,0,0,0,0,0,0,0,0,0,0,0,0,0,0
270,270,120,koerperbestattung,unbestimmt,infans?,infans,linker_hocker,O,N-S,ungestoert,,,beigabenlos,0,0,0,0,0,0,0,0,0,0,0,0,0,0,0,0,0,0,0,0,0,0,0,0,0,0,0,0,0,0,0,0,0,0,0,0,0,0,0,0,0,0,0
271,271,121,koerperbestattung,maennlich,fruehadult,adult,linker_hocker,O,N-S,ungestoert,,,Dolch (Ku); Armschutzplatte (lang; 3 Bohrungen); 6x Pfeilspitzen (Si); Anhaenger (Kn; loeffelaehnlich); GB_v (kammstempelverziert),0,1,0,0,1,6,0,0,0,0,0,0,0,0,0,0,0,0,0,0,0,0,0,0,1,0,0,0,1,0,0,0,0,0,0,0,0,0,0,0,0,0,0
272,272,122,koerperbestattung,unbestimmt,,unbestimmt,rechter_hocker,O,S-N,ungestoert,,,Becher_u (groß; bauchig),0,0,0,0,0,0,0,0,0,0,0,0,0,0,0,0,0,0,0,0,0,0,0,0,0,0,0,0,0,0,0,0,0,1,0,0,0,0,0,0,0,0,0
273,273,123,koerperbestattung,unbestimmt,,unbestimmt,rechter_hocker,O,SW-NO,ungestoert,,,Schale_u (gewoelbt),0,0,0,0,0,0,0,0,0,0,0,0,0,0,0,0,0,0,0,0,0,0,0,0,0,0,0,0,0,0,0,0,0,0,0,0,0,1,0,0,0,0,0
274,274,123,koerperbestattung,unbestimmt,,unbestimmt,linker_hocker,O,N-S,ungestoert,,,Napf (konisch),0,0,0,0,0,0,0,0,0,0,0,0,0,0,0,0,0,0,0,0,0,0,0,0,0,0,0,0,0,0,0,0,0,0,0,0,0,0,0,0,1,0,0
275,275,123,koerperbestattung,unbestimmt,,unbestimmt,rechter_hocker,O,S-N,ungestoert,,,beigabenlos,0,0,0,0,0,0,0,0,0,0,0,0,0,0,0,0,0,0,0,0,0,0,0,0,0,0,0,0,0,0,0,0,0,0,0,0,0,0,0,0,0,0,0
276,276,123,koerperbestattung,unbestimmt,,unbestimmt,linker_hocker,ka,ka,ungestoert,,Lage unklar,beigabenlos,0,0,0,0,0,0,0,0,0,0,0,0,0,0,0,0,0,0,0,0,0,0,0,0,0,0,0,0,0,0,0,0,0,0,0,0,0,0,0,0,0,0,0
277,277,123,koerperbestattung,unbestimmt,,unbestimmt,linker_hocker,O,N-S,ungestoert,,,Gefaeß (terinenartig),0,0,0,0,0,0,0,0,0,0,0,0,0,0,0,0,0,0,0,0,0,0,0,0,0,0,0,0,0,0,0,0,0,0,0,0,0,0,0,0,0,0,1
278,278,123,koerperbestattung,eher_maennlich,,unbestimmt,rechter_hocker,O,SSW-NNO,ungestoert,3580+-50 BP,,3xBeil (Fe); 3xMeißel (Fe); Klinge (Si); Truemmer (Si); GB_v (schnittlinienverziert),0,0,0,6,0,0,0,0,0,0,1,0,1,0,0,0,0,0,0,0,0,0,0,0,0,0,0,0,1,0,0,0,0,0,0,0,0,0,0,0,0,0,0
279,279,123,koerperbestattung,eher_maennlich,infans I,infans,ka,ka,ka,gestoert_stark,,,Napf,0,0,0,0,0,0,0,0,0,0,0,0,0,0,0,0,0,0,0,0,0,0,0,0,0,0,0,0,0,0,0,0,0,0,0,0,0,0,0,0,1,0,0
280,280,124,koerperbestattung,weiblich,spaetmatur,matur,linker_hocker,O,N-S,gestoert_leicht,,,Tierknochen (Schwein),1,0,0,0,0,0,0,0,0,0,0,0,0,0,0,0,0,0,0,0,0,0,0,0,0,0,0,0,0,0,0,0,0,0,0,0,0,0,0,0,0,0,0
281,281,124,koerperbestattung,weiblich,,unbestimmt,rechter_hocker,O,S-N,ungestoert,,,beigabenlos,0,0,0,0,0,0,0,0,0,0,0,0,0,0,0,0,0,0,0,0,0,0,0,0,0,0,0,0,0,0,0,0,0,0,0,0,0,0,0,0,0,0,0
282,282,124,koerperbestattung,maennlich,45-65 J.; spaetmatur,matur,linker_hocker,O,N-S,ungestoert,,,Fueßchenschale_u (vier Fueße; kugelig),0,0,0,0,0,0,0,0,0,0,0,0,0,0,0,0,0,0,0,0,0,0,0,0,0,0,0,0,0,0,0,0,0,0,0,0,0,0,0,1,0,0,0
283,283,125,koerperbestattung,weiblich,,adult,linker_hocker,O,NNW-SSO,ungestoert,,,Abschlag (Si); GB_v (schnittlinienverziert),0,0,0,0,0,0,0,0,0,0,1,0,0,0,0,0,0,0,0,0,0,0,0,0,0,0,0,0,1,0,0,0,0,0,0,0,0,0,0,0,0,0,0
284,284,126,koerperbestattung,unbestimmt,,unbestimmt,rechter_hocker,ka,SSW-NNO,ungestoert,,,Tasse_u (kugelbauchig),0,0,0,0,0,0,0,0,0,0,0,0,0,0,0,0,0,0,0,0,0,0,0,0,0,0,0,0,0,0,0,1,0,0,0,0,0,0,0,0,0,0,0
285,285,127,koerperbestattung,unbestimmt,,unbestimmt,linker_hocker,ka,N-S,ungestoert,,beide Unterarmknochen gebrochen; gut verheilt,Armschutzplatte (leistenfoermig),0,0,0,0,1,0,0,0,0,0,0,0,0,0,0,0,0,0,0,0,0,0,0,0,0,0,0,0,0,0,0,0,0,0,0,0,0,0,0,0,0,0,0
286,286,128,koerperbestattung,weiblich,17-21 J.,juvenil_adult,rechter_hocker,O,OSO-WNW,ungestoert,,,GB_u,0,0,0,0,0,0,0,0,0,0,0,0,0,0,0,0,0,0,0,0,0,0,0,0,0,0,0,0,0,1,0,0,0,0,0,0,0,0,0,0,0,0,0
287,287,129,koerperbestattung,unbestimmt,,unbestimmt,linker_hocker,W,NW-SO,gestoert_stark,,,beigabenlos,0,0,0,0,0,0,0,0,0,0,0,0,0,0,0,0,0,0,0,0,0,0,0,0,0,0,0,0,0,0,0,0,0,0,0,0,0,0,0,0,0,0,0
288,288,129,koerperbestattung,eher_maennlich,17-50 J.,adult_matur,linker_hocker,N,WNW-OSO,ungestoert,,,Geraet (Kn); GB_u; Tasse_u; Scherbenrondell,0,0,0,0,0,0,0,0,0,0,0,0,0,0,0,0,0,1,0,0,0,0,0,0,0,0,0,0,0,1,0,1,0,0,0,0,0,0,0,0,0,0,1
289,289,129,koerperbestattung,maennlich,sehr alt,senil,linker_hocker,ka,NW-SO,ungestoert,,gut verheilter Armbruch,2xPfeilspitze (Si); GB_u,0,0,0,0,0,2,0,0,0,0,0,0,0,0,0,0,0,0,0,0,0,0,0,0,0,0,0,0,0,1,0,0,0,0,0,0,0,0,0,0,0,0,0
290,290,130,koerperbestattung,weiblich,22-23 J.,adult,rechter_hocker,O,S-N,ungestoert,,,GB_v (schnittlinienverziert),0,0,0,0,0,0,0,0,0,0,0,0,0,0,0,0,0,0,0,0,0,0,0,0,0,0,0,0,1,0,0,0,0,0,0,0,0,0,0,0,0,0,0
291,291,130,koerperbestattung,eher_maennlich,15-40 J.,adult,linker_hocker,O,N-S,gestoert_mittel,,,GB_v (schnittlinienverziert),0,0,0,0,0,0,0,0,0,0,0,0,0,0,0,0,0,0,0,0,0,0,0,0,0,0,0,0,1,0,0,0,0,0,0,0,0,0,0,0,0,0,0
292,292,131,koerperbestattung,maennlich,35-45 J.,adult_matur,linker_hocker,O,N-S,ungestoert,3870+-30 BP; 2400-2280 cal. BC,weibl./adlut Knochen (1265+-25 BP) im Grab enthalten,Tierknochen (Schwein); GB_v (schnittlinienverziert); Tasse (leicht bauchig),1,0,0,0,0,0,0,0,0,0,0,0,0,0,0,0,0,0,0,0,0,0,0,0,0,0,0,0,1,0,0,1,0,0,0,0,0,0,0,0,0,0,0
293,293,132,koerperbestattung,unbestimmt,,unbestimmt,rechter_hocker,O,S-N,ungestoert,,,beigabenlos,0,0,0,0,0,0,0,0,0,0,0,0,0,0,0,0,0,0,0,0,0,0,0,0,0,0,0,0,0,0,0,0,0,0,0,0,0,0,0,0,0,0,0
294,294,132,koerperbestattung,unbestimmt,,unbestimmt,rechter_hocker,O,S-N,ungestoert,,,Silex; GB_u,0,0,0,0,0,0,0,0,0,1,0,0,0,0,0,0,0,0,0,0,0,0,0,0,0,0,0,0,0,1,0,0,0,0,0,0,0,0,0,0,0,0,0
295,295,132,koerperbestattung,unbestimmt,,unbestimmt,linker_hocker,O,N-S,gestoert_mittel,,Skelett schlecht erhalten; wahrscheinlich alt beraubt,beigabenlos,0,0,0,0,0,0,0,0,0,0,0,0,0,0,0,0,0,0,0,0,0,0,0,0,0,0,0,0,0,0,0,0,0,0,0,0,0,0,0,0,0,0,0
296,296,132,koerperbestattung,unbestimmt,,unbestimmt,rechter_hocker,O,S-N,ungestoert,,,Tasse_v; Fueßchenschale_v (6 Fueße; stark bauchig),0,0,0,0,0,0,0,0,0,0,0,0,0,0,0,0,0,0,0,0,0,0,0,0,0,0,0,0,0,0,1,0,0,0,0,0,0,0,1,0,0,0,0
297,297,132,koerperbestattung,unbestimmt,,unbestimmt,rechter_hocker,O,S-N,ungestoert,,,GB_u; Schale_u (halbkugelig; flach; Standring),0,0,0,0,0,0,0,0,0,0,0,0,0,0,0,0,0,0,0,0,0,0,0,0,0,0,0,0,0,1,0,0,0,0,0,0,0,1,0,0,0,0,0
298,298,132,koerperbestattung,unbestimmt,,unbestimmt,linker_hocker,O,N-S,ungestoert,,,2xPfeilspitze (Si); Becher_v (S-profiliert),0,0,0,0,0,2,0,0,0,0,0,0,0,0,0,0,0,0,0,0,0,0,0,0,0,0,0,0,0,0,0,0,1,0,0,0,0,0,0,0,0,0,0
299,299,132,koerperbestattung,unbestimmt,,unbestimmt,rechter_hocker,NO,SO-NW,ungestoert,,Beigabenzuordnung auch nach Lage der Pfeilspitzen sehr unsicher!,2xPfeilspitze (Si),0,0,0,0,0,2,0,0,0,0,0,0,0,0,0,0,0,0,0,0,0,0,0,0,0,0,0,0,0,0,0,0,0,0,0,0,0,0,0,0,0,0,0
300,299,132,koerperbestattung,unbestimmt,,unbestimmt,rechter_hocker,SO,NW-SO,ungestoert,,wahrscheinliche Beigabe 2xPfeilspitze (Si); wird aber anderer Bestattung zugeordnet,beigabenlos,0,0,0,0,0,0,0,0,0,0,0,0,0,0,0,0,0,0,0,0,0,0,0,0,0,0,0,0,0,0,0,0,0,0,0,0,0,0,0,0,0,0,0
301,300,133,koerperbestattung,unbestimmt,,unbestimmt,rechter_hocker,O,S-N,ungestoert,,Beigaben relativ klar der Bestattung zuordbar,6xV-perforierte Knoepfe (Be); Perle (Be; durchlocht); GB_v (kammstempelverziert); Tasse; Becher (S-profiliert),0,0,0,0,0,0,0,0,0,0,0,0,0,0,0,0,0,0,0,0,0,6,0,1,0,0,0,0,1,0,0,1,0,1,0,0,0,0,0,0,0,0,0
302,300,133,koerperbestattung,unbestimmt,,unbestimmt,rechter_hocker,O,S-N,ungestoert,,nicht ganz ausgegraben; daher Beigabenlosigkeit unklar,beigabenlos,0,0,0,0,0,0,0,0,0,0,0,0,0,0,0,0,0,0,0,0,0,0,0,0,0,0,0,0,0,0,0,0,0,0,0,0,0,0,0,0,0,0,0
303,301,134,koerperbestattung,maennlich,,adult,linker_hocker,O,NW-SO,ungestoert,,,2xAbschlag (Si); Spitze (Si; bearbeitet); GB_u; Wandscherbe,0,0,0,0,0,0,0,0,0,0,2,0,0,1,0,0,0,0,0,0,0,0,0,0,0,0,0,0,0,1,0,0,0,0,0,0,0,0,0,0,0,0,1
304,302,134,koerperbestattung,maennlich,ca. 40-50 J.,matur,linker_hocker,O,NW-SO,ungestoert,,,Knebel (Kn; verziert --> knopf_kn); GB_u,0,0,0,0,0,0,0,0,0,0,0,0,0,0,0,0,0,0,0,0,0,0,1,0,0,0,0,0,0,1,0,0,0,0,0,0,0,0,0,0,0,0,0
305,303,134,koerperbestattung,unbestimmt,ca. 3 J.,infans,rechter_hocker,O,S-N,ungestoert,,,beigabenlos,0,0,0,0,0,0,0,0,0,0,0,0,0,0,0,0,0,0,0,0,0,0,0,0,0,0,0,0,0,0,0,0,0,0,0,0,0,0,0,0,0,0,0
306,304,135,koerperbestattung,maennlich,ca. 40 J.,matur,linker_hocker,O,NNO-SSW,ungestoert,,,Tierknochen (Schwein?); Dolch (Ku); 4xPfeilspitze (Si); Fueßchenschale (vier Fueße; halbkugelig),1,1,0,0,0,4,0,0,0,0,0,0,0,0,0,0,0,0,0,0,0,0,0,0,0,0,0,0,0,0,0,0,0,0,0,0,0,0,1,0,0,0,0
307,304,135,koerperbestattung,unbestimmt,Neugeboren,infans,ka,ka,ka,gestoert_stark,,"Knochen im Grab verteilt; beigabenlos? oder ""Beigabe""?",beigabenlos,0,0,0,0,0,0,0,0,0,0,0,0,0,0,0,0,0,0,0,0,0,0,0,0,0,0,0,0,0,0,0,0,0,0,0,0,0,0,0,0,0,0,0
308,305,136,koerperbestattung,unbestimmt,55-30 J.,adult,rechter_hocker,O,S-N,ungestoert,,,GB_v (schnittlinienverziert); 2xV-Knop (Be),0,0,0,0,0,0,0,0,0,0,0,0,0,0,0,0,0,0,0,0,0,2,0,0,0,0,0,0,1,0,0,0,0,0,0,0,0,0,0,0,0,0,0
309,305,136,koerperbestattung,unbestimmt,ca. 10 J.,infans,ka,ka,ka,ungestoert,,"schlechte Knochenerhaltung; ""Beigabe""?",beigabenlos,0,0,0,0,0,0,0,0,0,0,0,0,0,0,0,0,0,0,0,0,0,0,0,0,0,0,0,0,0,0,0,0,0,0,0,0,0,0,0,0,0,0,0
310,306,137,koerperbestattung,weiblich,,unbestimmt,linker_hocker,O,NNO-SSW,ungestoert,,,GB_v; Tasse_u,0,0,0,0,0,0,0,0,0,0,0,0,0,0,0,0,0,0,0,0,0,0,0,0,0,0,0,0,1,0,0,1,0,0,0,0,0,0,0,0,0,0,0
311,306,137,koerperbestattung,unbestimmt,,unbestimmt,ka,ka,ka,ungestoert,,"""Beigabe""?",beigabenlos,0,0,0,0,0,0,0,0,0,0,0,0,0,0,0,0,0,0,0,0,0,0,0,0,0,0,0,0,0,0,0,0,0,0,0,0,0,0,0,0,0,0,0
